Balda,RegCasa,place_id,Latitude,Longitude
أفقا,جبيل,ChIJ4_rUieNSHxUR2jw0wC9W4pI,34.069904799999996,35.8860993
ابل السقي,مرجعيون,ChIJG8EiPJTAHhURNqAPDB60l1M,33.3572785,35.6275686
ابلح,زحلة,ChIJf6-TZ521GBURPkqTqq4Jxxg,33.8668951,35.959359899999995
ابو قمحة,حاصبيا,ChIJ1wugEM_GHhURFGmHsCaSM9g,33.3825588,35.6621669
ابو ميزان,المتن,ChIJewT-popHHxURhp3l4opdXFg,33.936769,35.7179735
اجبع,زغرتا,ChIJKw04PMICIhUR2gXLnmvouN4,34.30881520000001,35.9433792
اجدبرا,البترون,ChIJbw0w3nJVHxUR4wX_1Id_cvc,34.249832,35.6642904
ادما الدفنه,كسروان,ChIJvUrxTEFBHxURNQ6YixlA3sA,34.026079100000004,35.6367369
اده,البترون,ChIJYwPgh_RYHxURrCZdf94Lpgg,34.2343721,35.6922171
ارده,زغرتا,ChIJT8HXhAEeIhURINdByYcjxCY,34.4080321,35.9147179
ارزون,صور,ChIJ_TX44OiPHhURPGD7nZUX08U,33.2828844,35.3769757
ارزي,صيدا,ChIJ7w6h79GOHhUR5T4L0hXyVR4,33.3373127,35.3090551
ارصون,بعبدا,ChIJMb3XmtI7HxUReKXywwhZg0I,33.860379200000004,35.6905583
اركي,صيدا,ChIJCceSAr3tHhURIuCML1sY-Hg,33.462345899999995,35.415094
ارنون,النبطية,ChIJMUa6jauVHhURiAgILoiVIfQ,33.3315081,35.5258779
اسلوت,زغرتا,ChIJi95pMNQcIhURWJpgeaRFywk,34.324574,35.962095899999994
اصنون,زغرتا,ChIJnZKkh0v2IRUREMRHFXEILh4,34.3870224,35.8880755
اصيا,البترون,ChIJCwlz2qNYHxURmHIDmp8reck,34.249832,35.6642904
اغبه,كسروان,ChIJaajN8G9GHxUR3FEidP28kLY,34.0090756,35.7061467
اكروم,عكار,ChIJ0a37atI6IhURVKKXUT_rIZg,34.5549061,36.093277
الاشرفية,بيروت,ChIJjS91nv8WHxURzBaBOflEp-8,33.8868891,35.5191704
البابلية,صيدا,ChIJAeK2ENmMHhUR5txOjvD-2fo,33.4217267,35.3431251
الباروك,الشوف,ChIJE4CAN70mHxURntvtx-8tTrI,33.707145399999995,35.6736186
البازورية,صور,ChIJ0UbjW_CGHhURJHv0qLRd4KA,33.2540738,35.271543
الباشورة,بيروت,ChIJhzi8zx8XHxUR3VV4gl4jGlg,33.8915689,35.502449799999994
البترون,البترون,ChIJCefGTLJYHxURrdwFVHrEaP0,34.249832,35.6642904
البحصاص,الكوره,ChIJ0bps4TLxIRURM7wHg0xV-bk,34.4167955,35.826373600000004
البحيره,زغرتا,ChIJEUJ2uzv4IRURK7EoY-UGdYc,34.3341042,35.886262200000004
البداوي,طرابلس,ChIJ0a28AbX1IRUR1GyVR8G0XGA,34.4528555,35.864630700000006
البرامية,صيدا,ChIJOairkv_vHhURLiUIiWgqTkg,33.575125,35.3918864
البرباره,زحلة,ChIJ05nxojw1HxURpt9qQOunIF4,33.8495019,35.899430100000004
البرج,عكار,ChIJrQP7T9FYHxUR2MkyHp_ir7I,34.2336802,35.65946479999999
البرجين,الشوف,ChIJdcbjgXnhHhURZB0SZdK-YRw,33.657495399999995,35.4864223
البرغلية,صور,ChIJV-MAUHSIHhURUrlZe9y_NCQ,33.3142997,35.2402445
البساتين,عاليه,ChIJ_9Eu-y4fHxURGGAOi5kg3uk,33.7582664,35.5295578
البستان,صور,ChIJq6XdB6orHBURUHSuVm3446M,33.1009192,35.2550313
البقيعة,عكار,ChIJPUhSKaa0IxURTuxtm0rKoQE,34.661978399999995,36.346728399999996
البنيه,عاليه,ChIJEV2H724fHxURXOJJYqIVu5o,33.7355479,35.548398299999995
البوار,كسروان,ChIJWcRezOBDHxURJzsQMhmQSN8,34.0473482,35.63323079999999
البوشرية,المتن,ChIJrfzZVSgWHxUR3hJ802aael0,33.878715899999996,35.5631773
البياض,صور,ChIJYdMSiHWEHhURih499TpjmWY,33.2041464,35.3281588
البيره,الشوف,ChIJIxTjB1shHxURkl_V-fsUdBE,33.721633700000005,35.6389509
البيساريه,صيدا,ChIJCecjbUrzHhUREb8RjXFO8_U,33.4447816,35.323842799999994
التبانة,طرابلس,ChIJ6cU8Fh_0IRURKKijKXoQBaU,34.439902200000006,35.8480042
التعزانيه,عاليه,ChIJAT0YhA8jHxURQnnbchxXPy0,33.7816985,35.6208651
التل,طرابلس,ChIJ96MMgqj2IRURuEglSO4hja4,34.43659830000001,35.8388797
الجاهلية,الشوف,ChIJzf2wZrDhHhURHHP27IYXUNs,33.665553100000004,35.5121265
الجبانيه,بعلبك,ChIJT8D4hxsMIhURrN_cz0Gb9so,34.1813158,36.18169650000001
الجبين,صور,ChIJye2xvN0qHBURDFNlPzTeXDU,33.1228816,35.2351549
الجديدة,المتن,ChIJ6ZepCh8WHxURTAk1IjyPoMI,33.8918998,35.5630426
الجرمق,جزين,ChIJHy2e7cTqHhURdDAGh-Js5ps,33.3854614,35.5349278
الجليسة,جبيل,ChIJ66-GViFbHxURMGOI3VUvJSc,34.1158459,35.6917252
الجميجمه,بنت جبيل,ChIJR6XStqybHhUR7EOsJUgf0Bk,33.20627,35.440871200000004
الجميلية,الشوف,ChIJc87qEwTlHhURAFepgP2a8b0,33.600289000000004,35.426453
الجوار,المتن,ChIJpYqNDwc4HxURPLOz4N-DWwU,33.9284293,35.73125770000001
الجيه,الشوف,ChIJYRHesg_jHhURQtPUMa2lnU8,33.6700643,35.4253006
الحارة,صيدا,ChIJ2UhcHCLwHhURHpmEMia8TLM,33.5575701,35.3849148
الحازمية,بعبدا,ChIJsY4FKZEXHxURDIkFFznrgDU,33.8553409,35.5358859
الحجة,صيدا,ChIJWwHdPXLyHhURDLKPLFQ0gg8,33.4773329,35.38100319999999
الحدادين,طرابلس,ChIJB_nZOKH2IRURg8NWvZfNgpg,34.4337224,35.845333200000006
الحديد,طرابلس,ChIJgWKwlKD2IRUR4lChAOh_NBE,34.435815399999996,35.8460061
الحرف,جزين,ChIJlQwR4GXnHhUR0OgHjwp08EY,33.5765023,35.5578758
الحريقة,الهرمل,ChIJdf2ZZGJPIhURZGzk46ZLsrA,34.4877297,36.379218200000004
الحسانيه,جزين,ChIJXWlxhB7vHhURjj3fWqiFJA8,33.520014399999994,35.4511705
الحصون,جبيل,ChIJqY6aIqlaHxURxlkspRPsTv4,34.092770200000004,35.7365545
الحصين,كسروان,ChIJ0Qx-jb5FHxURJic0zvlDdgw,34.038503600000006,35.7154381
الحلانية,بعلبك,ChIJ_cABg922GBURUCP7hEN-1Js,33.885914299999996,36.0406494
الحلوسية,صور,ChIJX-CA3xWPHhUROO3Zh2dprfI,33.3078751,35.326204600000004
الحمصيه,جزين,ChIJDTCz04_nHhURbltS4GjVukA,33.5489686,35.556665100000004
الحميرة,عكار,ChIJ6bQwptEvIhURuuBFGe1b678,34.621064399999995,36.0809788
الحميري,صور,ChIJlV2RL5B9HhURCHSZ-8Y_Ds8,33.2704888,35.2037641
الحنيه,صور,ChIJOZgG_nCAHhURmpjmjIEWCg0,33.1866114,35.2227648
الحوش,راشيَا,ChIJMRo_zmzQHhURPmbV9MQsRVQ,33.476097499999995,35.755095399999995
الحوشب,عكار,ChIJzXp7CxowIhUR7taXEVVwzX8,34.595325,36.10156980000001
الحيصا,عكار,ChIJ_Uv3EXclIhURDjMr1DM26Fo,34.5874359,36.057757200000005
الخرايب,صيدا,ChIJLQfeCEiJHhURipjuAKboWfY,33.3433557,35.2994544
الخريبة,الشوف,ChIJzXtww1ffHhURjlgVysvbGcE,33.6484988,35.6440167
الخريبه,بعبدا,ChIJTfRnql46HxUR5KO21gDpee0,33.8246826,35.717251899999994
الخضر جنوبي,بعلبك,ChIJD6_730W6GBUR8IvzC2-DlRI,33.903622600000006,36.1205594
الخضر شرقي,بعلبك,ChIJD6_730W6GBUR8IvzC2-DlRI,33.903622600000006,36.1205594
الخضر غربي,بعلبك,ChIJD6_730W6GBUR8IvzC2-DlRI,33.903622600000006,36.1205594
الخله,المتن,ChIJQQfNBc05HxUR6valpRNKd2c,33.8924092,35.72756
الخلوات,حاصبيا,ChIJEbSg0oDFHhURiNNNiaG5SBA,33.4176676,35.7386365
الخنشارة,المتن,ChIJf8lmSwI4HxURlObwL0El3tM,33.923558899999996,35.7380588
الخياره,البقاع الغربي,ChIJrfNkDzAsHxUR5vgTzaPO6nk,33.691995399999996,35.8396115
الخيام جنوبي,مرجعيون,ChIJB5p2yQq_HhUR8cmVmvvHKFY,33.3294132,35.6148488
الخيام شرقي,مرجعيون,ChIJB5p2yQq_HhUR8cmVmvvHKFY,33.3294132,35.6148488
الخيام شمالي,مرجعيون,ChIJB5p2yQq_HhUR8cmVmvvHKFY,33.3294132,35.6148488
الخيام غربي,مرجعيون,ChIJB5p2yQq_HhUR8cmVmvvHKFY,33.3294132,35.6148488
الدامور,الشوف,ChIJZZIsZpUdHxURjAcoEarWwG4,33.730609,35.454730600000005
الدبابية,عكار,ChIJcSOKsis0IhURotkFFHxDzJQ,34.6224992,36.2162279
الدبيه,الشوف,ChIJif7ePYPhHhURWsVG7-H76VU,33.66500389999999,35.487875200000005
الدغلة,عكار,ChIJUQwC4AI3IhURmJnQ5T-d5rc,34.5811001,36.210214
الدكوانه,المتن,ChIJpYsqg0oWHxURju7gIgVyRYk,33.879387799999996,35.543721000000005
الدكوة,البقاع الغربي,ChIJses35wMtHxUREFYsu4TtJCo,33.6924416,35.8774428
الدليبه,بعبدا,ChIJ1TugjHA5HxURcgUhlQcHOS0,33.879205,35.6891526
الدوار,المتن,ChIJW7NrHFU4HxUR1pg0SYh4cEg,33.905454,35.699462700000005
الدوره,عكار,ChIJTa1UdX43IhURIKv9dqhefU0,34.54480170000001,36.2142774
الدوق,البترون,ChIJ70BnZXhXHxURtGeAU5cs7qg,34.195096500000005,35.7469061
الدوير,النبطية,ChIJF6SOce2SHhURLgN83J2dcpU,33.390149300000004,35.4183324
الديمان,بشري,ChIJLariGIcBIhURFggkRp1zS4U,34.244488700000005,35.9518013
الرابية,المتن,ChIJV0tuu18-HxURdJ4f1XDy-3M,33.91653350000001,35.6077849
الرام,بعلبك,ChIJvwmXZwAMIhURIidxJ8R8vnk,34.1709034,36.1784178
الرامه,عكار,ChIJGVfLoOlMIhUR0suE2c3jCc4,34.61958610000001,36.37858129999999
الراموط,جبيل,ChIJiVvlqIlmUjoRPTJg0PpRWFk,13.0657728,80.22956490000001
الرجمة,عاليه,ChIJwbWOWBwjHxURIjHuDwPnvnc,33.7888041,35.613158500000004
الرشيديه,صور,ChIJaYZIa6uAHhURhpzMVtQnEyQ,33.237985800000004,35.2190088
الرفيد,راشيَا,ChIJzTEZq3LWHhUREiJdxpcx2B4,33.5721587,35.8172814
الرمادية,صور,ChIJz1xuMhSBHhURhgSAEiHfzw0,33.1986582,35.2760089
الرمانة,طرابلس,ChIJG_NwFaf2IRUR6E6tqINa4Xo,34.436687899999995,35.842943700000006
الرملية,عاليه,ChIJl0eCs4sjHxURvDw3j5WPqJ0,33.748053999999996,35.6503736
الرميل,بيروت,ChIJQzXB-vkWHxURbHMb2ZL08YE,33.89556570000001,35.51714630000001
الرميله,الشوف,ChIJZyqSEyjlHhURhC-WAoSzK6w,33.611073700000006,35.4004954
الروضه,البقاع الغربي,ChIJrzLYXPQyHxURphU76Ob43zA,33.74842,35.8790808
الريحان,جزين,ChIJkSIduADqHhURrmgSW6Fvr1k,33.44438650000001,35.5676156
الريحانه,جبيل,EjXYo9mI2KrZiNiz2KrYsdin2K8g2KzYqNmK2YQgLSDYrNmI2YbZitmH2Iwg2YTYqNmG2KfZhg,33.99364,35.6442463
الريحانية,عكار,ChIJXeZYfHEwIhURntrAmVHZmhE,34.583687,36.116741
الزرارية,صيدا,ChIJJSoTA5OOHhURHJlp0Jg_VXE,33.3421025,35.33265220000001
الزرازير,بعلبك,ChIJ9UEFaGUIIhUR-llQoeY1PLI,34.1480812,36.1016081
الزعرورية,الشوف,ChIJn9jGZyrhHhURjporOn5bh5g,33.6147214,35.520742999999996
الزعيتره,كسروان,ChIJWTbvav1EHxURbjIg_4RgNo0,34.069129499999995,35.6957412
الزغرين,المتن,ChIJhxlMMmw4HxURAGUr6Hy_r-w,33.925495700000006,35.714219
الزلقا,المتن,ChIJbzq8ufs9HxURyh2dkT3Z4ok,33.902778600000005,35.575858700000005
الزلوطيه,صور,ChIJBSit2xwrHBURaiOouA_D6Yk,33.109426899999995,35.246950299999995
الزهرية,طرابلس,ChIJ5alWMxz0IRUR1oVGKTjUVQs,34.4403202,35.8433528
الزواريب,عكار,ChIJi6Pbcb8kIhUR0CGtHyqW0h0,34.530800299999996,36.071672899999996
السبيل,صيدا,ChIJPYNajhHx9xQRoZlw9JSMcDw,30.5990702,31.50465059999999
السراي,صيدا,ChIJ4XsaNDvwHhUR-lR7b2RszwM,33.5539249,35.3792357
السعيده,بعلبك,ChIJxam0KnuvGBURbpNxYpAQDro,34.0187088,36.0812506
السفري,بعلبك,ChIJi1cvtJqwGBURQCu8agnbims,33.921989700000005,36.0796158
السفيلة,المتن,ChIJITpN9m05HxURrvrPedhYChI,33.8847575,35.685950899999995
السكسكية,صيدا,ChIJba57rUGLHhURLgwBtcZBSho,33.4364972,35.28364940000001
السلطان يعقوب التحتا,البقاع الغربي,ChIJtf_i0ekrHxURGNBok9JnNEs,33.64264429999999,35.8420224
السلطان يعقوب الفوقا,البقاع الغربي,ChIJg1Z8JIUrHxUR5As810nrTWI,33.6457078,35.8629381
السلطانيه,بنت جبيل,ChIJ9WJpvzubHhUR0rt7GFPvBw0,33.2048244,35.405339700000006
السماعية,صور,ChIJT4LOfLiAHhUR5LPPu42LJ_8,33.221812199999995,35.2361599
السماقية,عكار,ChIJixD8oDQvIhURyBggOHDyHjo,34.639411100000004,36.0034886
السمقانية,الشوف,ChIJUYs1E3ogHxURhCBCDHpHrNk,33.67001930000001,35.5995481
السمونيه,عكار,ChIJc1qrAQklIhURuski9IpX5Vk,34.5736893,36.0487356
السهله,عكار,ChIJO_Mer49LIhURZOTv1YJnNOU,34.6039657,36.341244399999994
السويسة,الهرمل,ChIJM-29zuJGIhUR5J4Z_x7xNcc,34.4629136,36.3082348
السويقة,طرابلس,ChIJYRcnIR30IRUR_he70c3tURw,34.441417799999996,35.8402776
الشارع,صيدا,ChIJaRixV_vNskwR5h-lMIM4Lp0,43.4567475,-70.9478408
الشبانية,بعبدا,ChIJ5eJMm_w6HxURTJm7z8RHOrU,33.815598,35.7164824
الشبرقية,البقاع الغربي,ChIJRZyY44MuHxURqKVrrOWcODc,33.7035256,35.8229631
الشبريحا,صور,ChIJy7nsdZOHHhURDhYPPutWEhY,33.292424,35.230217700000004
الشربين,الهرمل,ChIJ2StWy81FIhURWP_xqwkyNVI,34.457904600000006,36.36332120000001
الشرقية,النبطية,ChIJfWmki8WSHhURGL1CA9clI64,33.3999364,35.419487
الشعيتية,صور,ChIJPcqqbRuBHhURfkD6r5FP8s0,33.196588899999995,35.265484
الشقدوف,عكار,ChIJVR6FK5I5IhUR1DsFo9VDOVs,34.528208500000005,36.189632
الشهابيه,صور,ChIJiy-YXzaFHhURftrYOa1Fyts,33.2426436,35.38351919999999
الشوير,المتن,ChIJuUEidzc4HxUR5GLv3HzZ2cU,33.90539570000001,35.721838500000004
الشويفات حي العمروسية,عاليه,ChIJvzr7l7kZHxURFLW-Hq4fbXQ,33.8267976,35.509037799999994
الشياح بئر العبد,بعبدا,ChIJs8STf3EXHxURhARuWvEzDz4,33.8630206,35.51425529999999
الشياح حي كرم الزيتون,بعبدا,ChIJ-7Ahw1YWHxURZ5tqyUZUWR8,33.8900051,35.5261951
الشيخ زناد,عكار,ChIJr6IeuBEmIhURwHba2nqtffk,34.607356,35.9900115
الشيخ طابا,عكار,ChIJ2YE07sckIhURaG5cDrGVMns,34.533056,36.077609499999994
الشيخ عياش,عكار,ChIJ9RqGc641HxURXVMtnWtQFkc,33.854721000000005,35.862285
الشيخ محمد,عكار,ChIJBxF-AdYkIhURjqIkb9SNo9k,34.5494865,36.083568400000004
الصالحية,صيدا,ChIJu4LgV4_vHhURaJ6ymGlpu6k,33.560001299999996,35.42338549999999
الصرفند,صيدا,ChIJB6_WSE2LHhURYj4uY-hila8,33.4514857,35.29069030000001
الصفرا,كسروان,ChIJlz7pW2BBHxURovTDPlqSDGA,34.0417657,35.629642100000005
الصوانة,مرجعيون,ChIJ-TvZy2OaHhURXBblkR5sdvU,33.2333902,35.4374284
الصويري,البقاع الغربي,ChIJL8jpTiUtHxURX5NiPRsEBJM,33.68938,35.90338
الصيفي,بيروت,ChIJPyaYvuQWHxURpgvYgEcRH8k,33.8945287,35.509947499999996
الضبيه,المتن,ChIJTfNyRUo-HxURkFdYJTK-404,33.9329151,35.589218100000004
الطيبة,بعلبك,ChIJoQl_36KkGBURsvP0IU3Kh7Q,33.958347700000004,36.1665826
الطيري,بنت جبيل,ChIJjcmjZSidHhURNCfr5MVbrUU,33.13927049999999,35.4005877
العاقورة,جبيل,ChIJE9oiBrpUHxURHK_A8TpFQD8,34.121495200000005,35.9040648
العاقورة - م,جبيل,ChIJE9oiBrpUHxURHK_A8TpFQD8,34.121495200000005,35.9040648
العبادية,بعبدا,ChIJ-wT3yeg8HxUR6phyYGX6uHA,33.836731500000006,35.621902500000004
العبده,عكار,ChIJyQPWB6ghIhUR-PehBlNf1wU,34.51060379999999,35.9695183
العبودية,عكار,ChIJfdsE5L0xIhURzNhvxzUEzP4,34.6337723,36.1168919
العدوسيه,صيدا,ChIJaa6W6wDzHhURvOQ28K7DBk0,33.4727822,35.3427873
العذرا,كسروان,ChIJq4T0bcVAHxURat-65f5TCTA,33.989529,35.6412504
العربانية,بعبدا,ChIJsR82l2Y5HxURJDdBzmqK6BE,33.8777842,35.6798397
العريضة,عكار,ChIJw54FvpkoIhUR8AXXavwTglI,34.63277120000001,35.9765083
العزونيه,عاليه,ChIJOb5zFyUlHxURSD6LVNsr-88,33.7731445,35.706359899999995
العطشانة,المتن,ChIJ-xgqnic5HxURfgomdhHu7dY,33.912355100000006,35.65058459999999
العقبة,راشيَا,ChIJ9VAhKVHRHhURfgDRU8oF-ww,33.5050195,35.82205
العقيبه,كسروان,ChIJEaVyRPRDHxUR9BzAoIVYpgw,34.0541582,35.6400503
العلالي,البترون,ChIJZ8ey-blXHxURXDZqVC-pAjk,34.205042,35.7728801
العماير,عكار,ChIJz8bLu9BMIhURf6tSQi0LIFo,34.6294924,36.386858200000006
العواده,عكار,ChIJ7Y0rCQEhIhURR7lCBnoQbH4,34.5169974,35.9618247
العوينات,عكار,ChIJG_jFFVRKIhURiEAHMXfhuLs,34.6252531,36.30211620000001
العيرون,المتن,ChIJ71cl-VM4HxUR2q9AP2Xy_cg,33.9073013,35.7026719
العيشيه,جزين,ChIJdc1Fn3zqHhURmNNGFN09ekg,33.408332300000005,35.5564344
العين,بعلبك,ChIJ5QtUt_JuIhURGEc5LYXtyn8,34.2283419,36.3721324
العيون,المتن,ChIJDcr5n1A5HxURNKkakkthzsg,33.8829542,35.6632096
الغابات,جبيل,ChIJNU8-8QBTHxUR4kjqdRHAkL0,34.0818032,35.873415
الغابة,المتن,ChIJJ4B4oKs-HxURUBqMVNF5AKA,33.88198189999999,35.642412799999995
الغابون,عاليه,ChIJMQVAjVgiHxURYkxxhBSWAxo,33.7813315,35.5952737
الغازية,صيدا,ChIJTd57D5PxHhURdNlFDFH6kGU,33.5186303,35.3663174
الغبيري بئر حسن,بعبدا,ChIJs0Jla0UXHxURgsSQ-CrmjL8,33.8673937,35.490393
الغزيله,عكار,ChIJweH0LEAwIhURniPAXLZbi44,34.5954785,36.113068
الغسانيه,صيدا,ChIJ0wWR2TqNHhURsqUDVGDI3HQ,33.4178943,35.3583989
الغندوريه,بنت جبيل,ChIJY3Wg5V6QHhURvMpsl_Efj70,33.272045500000004,35.43102639999999
الغينه,كسروان,ChIJu2zOz3VFHxURLlPP7nXBS1Y,34.0534017,35.7235765
الفاكهه,بعلبك,ChIJT4yQTzJvIhURSCyHkzvVEWI,34.243457299999996,36.4060475
الفرديس,حاصبيا,ChIJrVm-GErHHhURQH6Rpx85K28,33.35,35.658333299999995
الفريديس,الشوف,ChIJ-5qvU5kmHxURcGLA1ksMqg4,33.71029,35.680135899999996
الفريكه,المتن,ChIJ4VLjGMo4HxURsDMHddGlF0k,33.9359255,35.6582809
الفنار,المتن,ChIJjc5PeY89HxURdhwWgVfvORE,33.87984829999999,35.578307
الفوارة,الشوف,ChIJSa7rpUchHxURdqw4o2Hwt4w,33.710885600000005,35.6400334
الفيدار,جبيل,ChIJS_IkPl9DHxURrt8niZ0Usv8,34.0985261,35.65168980000001
القادريه,زغرتا,ChIJnV6tigYeIhURMkNRsL5r5OE,34.4145299,35.923337200000006
القاع,بعلبك,ChIJw-2EBlZcIhUR7PTCqopC_Ys,34.3418532,36.480184799999996
القبة,طرابلس,ChIJbZOPciD0IRUR-Hw-VZfEKd0,34.435767299999995,35.8513044
القبيات,عكار,ChIJBTX6-sZJIhURgjUb4Z_0_5w,34.571583000000004,36.2815234
القبيات الذوق,عكار,ChIJU-2aI8dJIhURrrNbNWv8J1M,34.5734071,36.2859203
القبيات الضهر,عكار,Eh1IYWxiYSAtIFFvdWJhaXlhdCBSZCwgTGViYW5vbg,34.5851039,36.1085948
القبيات الغربية,عكار,ChIJ3ZJcsSA2IhURkOfWlKUHtHk,34.580494200000004,36.2621362
القبيات القطلبه,عكار,ChIJZZVL9khIIhURUjGvSddjpFA,34.5490158,36.287586700000006
القدام,بعلبك,ChIJby6mcRUMIhURWAJNzCa8A3Y,34.182402,36.195783399999996
القرعون,البقاع الغربي,ChIJl7W-DMDZHhURSHd6ARYWz8o,33.566893900000004,35.7192567
القرقف,عكار,ChIJD3ODfDciIhURonSVw7FiSqY,34.484444599999996,36.0208222
القرنة,عكار,ChIJh4_IEGU9IhUR6khCdA5O7us,34.441629299999995,36.119138299999996
القريات,عكار,ChIJ61Ftg6cYIhURehJLNlqREtI,34.544034,36.07983
القرية,صيدا,ChIJ-aD4LVWIHhUREm1GmAhMDxw,33.5570648,35.3729467
القرين,الضنية,ChIJ2TCcSREZIhURsuC9rOZtbFY,34.3985653,36.0321171
القصر,الهرمل,ChIJeeegsx5QIhURSjVnbiMK-E0,34.4785661,36.4385929
القصيبة,بعبدا,ChIJNc65eAk8HxURmPSqe1604sg,33.866898299999995,35.650479100000005
القصير,مرجعيون,ChIJIy-zrheRHhURvBgMKU01mqA,33.292903700000004,35.4538844
القطاره,جبيل,ChIJN4EPB_9WHxUR-B4lXnaHS44,34.1835359,35.7872093
القطراني,جزين,ChIJY5Wm1DPCHhURxnV3ORo1NqE,33.4399501,35.60440379999999
القطين,الضنية,ChIJ3fLDkWsZIhURtLQvP00mr_M,34.3913162,36.0287873
القعقور,المتن,ChIJ9WzR2so5HxURHul_x5mBeCo,33.895967799999994,35.720920299999996
القلعة,بعبدا,ChIJYwQt-A06HxURIOlRrucMyZI,33.8395718,35.7299299
القلمون,طرابلس,ChIJLZZYw33wIRURJkb4tL1s8rs,34.386389799999996,35.782652
القليعات,كسروان,ChIJayg2ArRHHxURAJDzhGInptA,33.9721809,35.71381119999999
القليعة,مرجعيون,ChIJEfStHH6VHhUR7G8-H9QYxYU,33.327186100000006,35.5654858
القليلة,صور,ChIJg7JLyImAHhUR8lQ9ED012qw,33.1979773,35.2291122
القماطيه,عاليه,ChIJ1QqYQcUiHxUR5vbxP0rH83g,33.810086299999995,35.597325899999994
القمامين,الضنية,ChIJ734eaIQ9IhURBABkFct-jX4,34.421408500000005,36.1395938
القناية,صيدا,ChIJmUuAtqrx9xQR6BrLLd1JQFE,30.588423699999996,31.4903744
القنطرة,مرجعيون,ChIJVYWeb9mQHhURkHCHECH8PNo,33.2735667,35.4636549
القنيطرة,صيدا,ChIJ214Z9vHtHhURhk5kZbzS7o0,33.479892,35.4005078
القوزح,بنت جبيل,ChIJQc40AdQpHBURYKY0740WzRY,33.116367600000004,35.3414799
الكحاله,عاليه,ChIJAzWOJDU9HxURUjjnOPctWnE,33.826012299999995,35.5859393
الكحلونيه,الشوف,ChIJi7d8aZXfHhURVpCxuYykx5M,33.6491247,35.5901363
الكرك,زحلة,ChIJcVRGF8jKGBURZhWadlSfyEk,33.8483245,35.9270676
الكرمه,زحلة,ChIJLYnm-8zKGBURx9nWUgIMutY,33.8436,35.9175524
الكفر,جبيل,ChIJCf2W8p1aHxURgDsb6wD-9fk,34.1102257,35.740059499999994
الكفور,كسروان,ChIJG9aQEi1EHxURctEEtTYdHvs,34.0305012,35.695003
الكفير,حاصبيا,ChIJpXeJcX3FHhUR6rrnsNCoW2M,33.430001399999995,35.7396756
الكنيسة,الشوف,ChIJ81_iYNAhHxURNheaue65630,33.720047799999996,35.574217700000005
الكنيسه,بعلبك,ChIJteJHufIJIhURVujXO4dEchg,34.114888799999996,36.1665019
الكواخ,الهرمل,ChIJuyiQ_Z5FIhUR7tnVGBdSRI8,34.4665343,36.389971100000004
الكواشره,عكار,ChIJEV6Zu5E2IhURBACz4cWYUy8,34.6120634,36.2082635
الكويخات,عكار,ChIJ9QpftrI6IhUR-M_0JnmXdGc,34.5753978,36.0897763
اللبوه,بعلبك,ChIJwWl1JwZuIhURMuHs9PcX_rA,34.196821,36.353843499999996
اللقلوق,جبيل,ChIJbYLqrGVUHxUR6vheC4-IU5g,34.133925299999994,35.8612812
اللوبيه,صيدا,ChIJK1pbLGmLHhUR0G5YddQ9T7Y,33.4283186,35.28854640000001
اللويزه,بعبدا,ChIJH_gcA_4XHxURWqpebDSss3o,33.8356805,35.565601799999996
الليلكي,بعبدا,ChIJJ-y5KckZHxUREm3V20ymiqs,33.8333436,35.5138922
المالكيه,صور,ChIJL2B2BeiAHhURZCns6ASi3Kg,33.2100671,35.2472857
المتين,المتن,ChIJF9Q-L4E3HxURaJgh_l0NbI8,33.893420600000006,35.743824200000006
المجادل,صور,ChIJIzKmC-OEHhURaH1ECwawxf4,33.229474800000006,35.3601227
المجدل,عكار,ChIJ9XZk8Ag3IhURGlbx4ezORtI,34.5699918,36.2164414
المجيدل,جزين,ChIJq-3FPvzuHhURBIbuQZXdGcs,33.517093599999995,35.440979799999994
المحاربيه,جزين,ChIJfwvKWRrvHhURqtX_cU9psW4,33.5261505,35.448248299999996
المحمرة,عكار,ChIJxVxNiK4hIhURLpYlPQhR98I,34.5055845,35.965067700000006
المختارة,الشوف,ChIJz4gLHH7fHhURwnhAZBIjH44,33.6588474,35.614062100000005
المدور,بيروت,ChIJfWc6FzYXHxURHAQJQf9wYCI,33.8782007,35.485147
المراديه,كسروان,ChIJucF6nhlFHxURwh73SMw-lO8,34.070972,35.711453799999994
المرج,البقاع الغربي,ChIJF90YhPcyHxURloOZyay-Ipw,33.7616036,35.883543700000004
المرداشة,بعبدا,ChIJvRo2GD4YHxURwPNCRjt8jL4,33.822961,35.5432955
المرفأ,بيروت,ChIJRTdKDPAWHxURj-d6St9_xR0,33.9045303,35.5344274
المروانية,صيدا,ChIJq2ziVn7tHhURIkWi-l31ZV8,33.4549085,35.393015999999996
المروج,المتن,ChIJZY3eEu43HxUR2qFSlI-B_FM,33.9111275,35.752899400000004
المريجات,عاليه,ChIJ1WtG0VwxHxURKPF1-ouAHEg,33.8088874,35.817496999999996
المريجة,بعبدا,ChIJgzKFQM8ZHxURRAEFBZwSVLQ,33.83528629999999,35.51238529999999
المزرعة,بيروت,ChIJBY6zwBcXHxURbL39gKUh3n0,33.879704,35.5021534
المسعودية,عكار,ChIJrcr5zoMvIhURLCFBUm1VHnM,34.6055452,36.0490354
المسقى,المتن,ChIJzTdXl_s9HxURgdB7o1Rt37s,33.900939,35.57329
المشرع,المتن,ChIJ3--h2vM4HxURqkquX14OGSQ,33.9222939,35.6895054
المشرف,الشوف,ChIJx_dWMHXiHhURMt9Gn1BI8FQ,33.7143942,35.468027899999996
المشرفه,عاليه,ChIJ95aHjH0kHxUR6h3Zmf_K6pU,33.7587221,35.6559678
المصيطبة,بيروت,ChIJ1-MWszwXHxURPi__tWsO-Ls,33.8836288,35.4955335
المطلة,الشوف,ChIJM8f5c8ngHhURFKTIzrnky8c,33.6109677,35.5408033
المعاصر,الهرمل,ChIJMX-R2MpGIhURehBrRPOlQYs,34.4292511,36.32549050000001
المعمرية,صيدا,ChIJ09IrSxXyHhURZ59aHJ5tlFM,33.485036,35.369757
المعنيه,الشوف,ChIJfzt0wnDkHhURxPIRn7fWfVM,33.6298266,35.4471367
المعيصرة,الهرمل,ChIJ344XfZpsIhURHIc5AKZx2GE,34.2762355,36.292781899999994
المعيصره,كسروان,ChIJY177fvpEHxUR0uDVWqs5p_E,34.0709961,35.686265399999996
المغيرية,الشوف,ChIJ_-P7HzjkHhURYDObCnCQeWc,33.6031583,35.457626399999995
المقيبلة,عكار,ChIJKTQ7_6xMIhURjgO36RxLjyQ,34.646031,36.3576539
المكلس,المتن,ChIJDyH2lLcXHxURmsQgosH3X-s,33.8676662,35.5427979
المكنونية,جزين,ChIJmxJ_TeHnHhURGAlhk0kF7cE,33.5290393,35.548671999999996
المناره,البقاع الغربي,ChIJ31yUMHwrHxURwALS_hHmIFA,33.6465688,35.8779857
المنصف,جبيل,ChIJDzyrZw5cHxURDpDwgadOvRU,34.1808839,35.6445588
المنصورة,البقاع الغربي,ChIJGX2mlbouHxUR-gcU9mJK_8Q,33.681138700000005,35.815606200000005
المنصوري,صور,ChIJJ1JByuV_HhURZkyimciqoos,33.178450899999994,35.2063653
المنصورية,المتن,ChIJ1XE4_WI9HxURjE2_j8QUmF4,33.857754299999996,35.5684338
المنيه,المنية,ChIJOyZjwfMfIhURxlt50KgXJIU,34.4788556,35.9325815
المهاتره,طرابلس,ChIJL9qBtKb2IRURfkb-XX1mVVo,34.4336706,35.8441987
المياسة,المتن,ChIJRaqMBIE4HxUReFLmpDO15LM,33.941313,35.692901299999996
المية ومية,صيدا,ChIJX9XQZtbvHhURApq8KA7-fGg,33.5429877,35.3975321
الميدان,جزين,ChIJU9-OqF_nHhURyH4VShhPn-I,33.580307899999994,35.563680700000006
الميناء,طرابلس,ChIJxWJQnOHzIRURA4aVS13DGCU,34.451094399999995,35.8107482
الناصرية,زحلة,ChIJzQxNxhG3GBURIl--03-e_Mk,33.8625876,36.0605583
الناعمة,الشوف,ChIJmxkW_rQdHxUR8vOBAdnMWIw,33.748937899999994,35.4534798
الناقورة,صور,ChIJO4HyORDUHRURMBpBUea3lik,33.118289600000004,35.1398656
النبطية الفوقا,النبطية,ChIJFWvEfZaUHhURbCHo6T1-2wY,33.363533600000004,35.4942229
النبي ايلا,زحلة,ChIJGRDwAg-1GBURCt5FKMuFu3M,33.8904335,35.9506096
النبي رشاده,بعلبك,ChIJBcmTwjGuGBURDmnL-eUbohw,33.9949018,36.0389768
النبي سباط,بعلبك,ChIJDRkgHcKiGBURlH8VpBmJqjA,33.936612700000005,36.235797600000005
النبي شيت شرقي,بعلبك,ChIJnWkdYo25GBUR3HPz4mdZGDQ,33.8723008,36.1127818
النبي شيت غربي,بعلبك,ChIJnWkdYo25GBUR3HPz4mdZGDQ,33.8723008,36.1127818
النبي عثمان,بعلبك,ChIJrWM3DGZuIhURqiITKXJZ1tQ,34.2128467,36.3665258
النبي يوشع,الضنية,ChIJqUAfG74fIhURhFNGsAcz4rI,34.4622521,35.941670200000004
النجارية,صيدا,ChIJzbfgCKzzHhURWhoIjamjT-g,33.483002899999995,35.338395399999996
النخلة,الكوره,ChIJgWIuFQD6IRURgo2CVQhR-g4,34.365013,35.826657
النفيسة,عكار,ChIJtcnrdtUkIhURiPJgSqAQN1M,34.5477167,36.086864899999995
النقاش,المتن,ChIJMTjLpkE-HxURVs19zNQqLl0,33.922458899999995,35.5914275
النميرية,النبطية,ChIJS3sZoVHtHhURggG3CtUWrFE,33.4230066,35.3989302
النوري,طرابلس,ChIJNSU76Kb2IRUROhpmY3jcLUo,34.4348965,35.842946500000004
الهبارية,حاصبيا,ChIJ6ddd5VfGHhURkpwkp8-edOs,33.3668785,35.6976596
الهد,عكار,ChIJNfKJ0sE2IhURvCQYep1ZR8M,34.60460379999999,36.1973595
الهري,البترون,ChIJKw8xWhPjIRURELTUNQDW0j8,34.3066374,35.7129888
الهلالية,صيدا,ChIJi398sP3vHhURDNaaX90E7KM,33.5683096,35.3923303
الهيشه,عكار,ChIJeW_t58lMIhURae-_GvXTadU,34.63739,36.372075200000005
الوردانية,الشوف,ChIJS6Fn2ffkHhURnHCV-ucTLgI,33.61248330000001,35.434051000000004
الورهانية,الشوف,ChIJOcXjsqAmHxURnIx2ny_vd8s,33.7180302,35.6697898
الوزاني,مرجعيون,ChIJ-97PMJC-HhUR1A-DtifoLws,33.277072100000005,35.621472600000004
الوسطاني,صيدا,ChIJSbtwdkxAWBQRUbSDcS5fNPg,30.094374100000003,31.220772600000004
اليمونه,بعلبك,ChIJx9mF3cOpGBURWtE_NkZC8QU,34.1291398,36.0281439
اميون شرقي,الكوره,ChIJ-bhZGfH7IRURkhr9ZcThyGc,34.299015600000004,35.8088748
اميون غربي,الكوره,ChIJ-bhZGfH7IRURkhr9ZcThyGc,34.299015600000004,35.8088748
انصار,النبطية,ChIJnSGgfjiMHhUR3lUfXBZqcBw,33.3793266,35.3544755
انصارية,صيدا,ChIJWcyAlaGLHhURVI8Cr1uIgPk,33.412762300000004,35.2791973
انطلياس,المتن,ChIJDcR-RGs-HxURLGVc2zigKWQ,33.9170533,35.5886809
انفه,الكوره,ChIJV2d7JNfkIRURpENC5yDijeM,34.355177000000005,35.7320091
اهمج,جبيل,ChIJH0j2jR1RHxURpjJ8x07peW0,34.121721,35.785030600000006
ايزال,الضنية,ChIJlzfDeBccIhUR7u4B2qTsIUM,34.3805637,35.9833994
ايطو,زغرتا,ChIJsbWbgJwCIhURwBLrGAEhLEo,34.3078709,35.92042670000001
ايعات,بعلبك,ChIJkdh0Y96mGBUR0tfxFs3WTOM,34.03749390000001,36.17540109999999
ايعال,زغرتا,ChIJT9tEjOD3IRURiO_jMxz2XI4,34.3622667,35.9123736
ايلات,عكار,ChIJ8YzpNUA7IhURDrtjEcWTK7k,34.51927379999999,36.1098004
باب مارع,البقاع الغربي,ChIJ7SPg8RPZHhURHuHvJHqeg3E,33.5823401,35.681290000000004
باتر,الشوف,ChIJIewL_PLeHhURmEf657BylFU,33.6012735,35.618074
باتوليه,صور,ChIJraxx99SAHhURQlrX5v0bwiE,33.225426399999996,35.255309999999994
باريش,صور,ChIJK2W62n2FHhURnv-LH8-ouUQ,33.2728995,35.352751700000006
بافليه,صور,ChIJqxq63GeFHhUR-iIEPICA9hM,33.260832,35.366915399999996
بان,بشري,ChIJIwcATlICIhUR1OnVgZe8cKQ,34.2764473,35.9553723
ببنين,عكار,ChIJv0V9doMhIhURdmshFTaunyA,34.4989544,35.993993100000004
بتاتر,عاليه,ChIJjdZ-qZ8jHxURSpZkNksfWCk,33.76745089999999,35.6337911
بتبيات,بعبدا,ChIJJa6km086HxUR3HerpII0bss,33.83518970000001,35.707028799999996
بتدعي,بعلبك,ChIJDYe8RYOnGBURzKR0PRAQ7uw,34.1003778,36.1282821
بتدين اللقش,جزين,ChIJlYnw63rnHhURoqr33ZTJx_c,33.5691244,35.5565058
بترومين,الكوره,ChIJS4FtzA36IRURqpAXM4A8FQ0,34.3657164,35.8094944
بتعبورة,الكوره,ChIJMZ1sluD8IRURkJUX6KbOl_4,34.274620299999995,35.7634839
بتغرين,المتن,ChIJ_ZStIwJIHxUROBTjuh8ubxk,33.9284522,35.7466215
بتلون,الشوف,ChIJm2m4oy4hHxURBmgUtJXQ44Y,33.6960251,35.6504881
بتوراتيج,الكوره,ChIJmV38IFb3IRUR_GwDB1qjc_c,34.363426200000006,35.8350131
بجه,جبيل,ChIJAS2C8o1ZHxURUjIf2N8Hg5Y,34.180120200000005,35.714603000000004
بحبوش,الكوره,ChIJWcoRuaf-IRURyobs8XgMsCs,34.2764685,35.829823100000006
بحديدات,جبيل,ChIJpyQ-T09aHxURmpIpFP2txLw,34.148764,35.706981799999994
بحرصاف,المتن,ChIJbUNA7N44HxURxNIG0DeuoNU,33.916577000000004,35.671480700000004
بحمدون,عاليه,ChIJPc-IvlA7HxURgBIygAtaCFg,33.808859600000005,35.65992670000001
بحنين,الضنية,ChIJ94VPw7QhIhURNrdP9RhB1rc,34.4983032,35.9595006
بحويتا,الضنية,ChIJC7ggW90cIhURPBwBM42d3ms,34.33697279999999,35.9688097
بخعاز,جبيل,ChIJu-eu11dZHxUROo1ktsj2YWY,34.1888525,35.6694241
بخعون,الضنية,ChIJazOoyjoZIhURPgZrICXfduM,34.4089966,36.0145689
بدادون,عاليه,ChIJ3aJpbnQYHxUR6S1FloiY_o4,33.8114575,35.568340299999996
بدبا,الكوره,ChIJf7QfjSL6IRURaIzuxEzLz5w,34.3482456,35.819590600000005
بدغان,عاليه,ChIJvUjds8YkHxURcrgWaM3TEXg,33.7678879,35.6708305
بدنايل,بعلبك,ChIJFW4zboi0GBURElDOMcWJ9bU,33.9124161,36.0143559
بدياس,صور,ChIJwVS3h8qIHhURxkN-izIZimM,33.311975399999994,35.3001075
بر الياس,زحلة,ChIJcWq7bjwzHxUR7prHPRg4bDo,33.7728148,35.897900299999996
برباره,عكار,ChIJUZCwPTg3IhURWscIL-n2vdk,34.5731555,36.18802410000001
برتي,صيدا,ChIJmdBurc7oHhUREmHuMhp1ME0,33.520883500000004,35.4842994
برج الشمالي,صور,ChIJPVemYg2HHhURDDlMyv-vUiE,33.2625533,35.238832
برج العرب,عكار,ChIJf2hxl-YjIhURtoEdZu4ECbo,34.521182,36.009321500000006
برج الملوك,مرجعيون,ChIJ6cKmSoCVHhURpBq6rGSNTYU,33.3243796,35.5632909
برج اليهودية,الضنية,ChIJ1a0nT3v1IRURYNq1qv7fIYM,34.4636816,35.9087891
برج حمود,المتن,ChIJJ96WL0EWHxURbAS61GhOozM,33.8937575,35.540592499999995
برج رحال,صور,ChIJi7rXC72IHhURLtosNjKRFO8,33.3096332,35.2824709
برج قلاويه,بنت جبيل,ChIJn2cRk2-QHhURRqOZFW_LDNI,33.265256199999996,35.424530499999996
برجا,الشوف,ChIJIeTk9prjHhURaPN55YeTn9Y,33.6491608,35.443467299999995
برحليون,بشري,ChIJmxxaDjD_IRURwinM5hv1G_M,34.2603309,35.8834116
برسا,الكوره,ChIJvbYiEzT3IRURkk48BF53sh0,34.3876498,35.832167
برعشيت,بنت جبيل,ChIJ7eVTf5EnHBURqPSSG-iK73g,33.120546000000004,35.43353090000001
برغز,حاصبيا,ChIJMUUNNmTBHhURQhXH8cbr5uM,33.4139899,35.6246671
برغون,الكوره,ChIJ2UPEGNPiIRURGXFdgdVruJc,34.299017299999996,35.808876
برقا,بعلبك,ChIJEVkgaiUJIhURogNgU-ZmTds,34.1714657,36.142225
برقايل,عكار,ChIJyTyD30QiIhURSLEHPR6XSb4,34.4773188,36.0337623
برمانا,المتن,ChIJbTO4Y6c-HxURSEwqlT8tX78,33.885273100000006,35.6386901
بريتال شرقي,بعلبك,ChIJWVsIxju7GBURXiOTeqs6KhM,33.934864399999995,36.1480826
بريتال عين البنيه,بعلبك,ChIJIaCKYy-9GBURVnuUhU3JDGc,33.9115403,36.2268971
بريتال عين الجوز,بعلبك,ChIJMTGmmPGWGBURRtlt6PvVxj4,33.8389099,36.314974400000004
بريتال غربي,بعلبك,ChIJWVsIxju7GBURXiOTeqs6KhM,33.934864399999995,36.1480826
بريح,الشوف,ChIJ8Q93IawmHxURJgQHz19ym9w,33.7162724,35.6584592
بريسات,بشري,ChIJx6Wwk40BIhURKKTa62TZ53w,34.2412987,35.9408488
بريصا,الهرمل,ChIJX-iZ3tpGIhURmk6LtlsoYWA,34.4434186,36.316182
بريقع,النبطية,ChIJlfqBageOHhURXl9acFz5fSk,33.3423973,35.383894500000004
بزال,عكار,ChIJK6PBQV4iIhUR9h9GnN2jMxQ,34.468798799999995,36.0418343
بزبدين,بعبدا,ChIJN4u-zOc5HxURGDzh_S053YE,33.8716007,35.7307225
بزبينا,عكار,ChIJlQFyQ585IhURdlsIDZSc1BA,34.5147691,36.1971696
بزحل,كسروان,ChIJD1BAGiBFHxUR8n72a90IWtI,34.079966799999994,35.697929200000004
بزعون,بشري,ChIJueS957r4IRUR8HHQk6NSXpw,34.250651500000004,36.011732200000004
بزمار,كسروان,ChIJu0ITdx1HHxURisZhPWsEfaQ,33.9872473,35.6828158
بزيزا,الكوره,ChIJXW6W6Rj8IRURODD-Z-xwGlI,34.2727144,35.8210686
بزيون,جبيل,ChIJxR8C8BNQHxUROOS9sbSXmsk,34.0985133,35.754779299999996
بسابا,الشوف,ChIJNxsQXbLgHhURzLXgY2tMWCY,33.603938899999996,35.5533485
بستيات,صور,ChIJA6qi0ZmPHhUR-lu05mELF5k,33.2900999,35.3570415
بسري,جزين,ChIJKcnlKhLnHhURfHDqK8-K7So,33.5788778,35.53856029999999
بسرين,عاليه,ChIJ_YGkqJAjHxURNGatz9qYs9Q,33.758484499999994,35.6375362
بسكنتا جنوبي,المتن,ChIJtdH7cq1JHxURptRzlhOUEr4,33.9440185,35.7865408
بسكنتا شمالي,المتن,ChIJtdH7cq1JHxURptRzlhOUEr4,33.9440185,35.7865408
بسلوقيت,زغرتا,ChIJKcxWvyUDIhURflLKMyR-hMw,34.3080964,35.965602600000004
بسوس,عاليه,ChIJzZ65k7oiHxURpNJkMZf5K6c,33.816264600000004,35.578557200000006
بشامون,عاليه,ChIJnRElGt0YHxURCI1JA-44wd4,33.7821927,35.5312037
بشتفين,الشوف,ChIJBVkkqJwfHxURTNujrmvcWMI,33.713086499999996,35.5542721
بشتليدا وفدار,جبيل,ChIJLw1qOPlaHxURhL06b-xB3Gg,34.132393799999996,35.7032451
بشتودار,البترون,ChIJ9f9mO-X9IRURsvkkOMeMWb0,34.2242324,35.8190369
بشعله,البترون,ChIJvZbiMwZWHxURnsD19xz8fuk,34.202847799999994,35.824931799999995
بشلي,جبيل,ChIJb8zA9cVaHxURDLyJI3tZGJU,34.1022016,35.7194215
بشمزين,الكوره,ChIJ2wxVHL37IRURWHg_FExp_Ik,34.320184000000005,35.7971367
بشنين,زغرتا,ChIJK0U39tr5IRUR9vujFG58QHE,34.3479375,35.8588774
بشوات,بعلبك,ChIJ712agQEJIhURoImJ0fcpyYc,34.1502528,36.135396500000006
بصاليم,المتن,ChIJv_I8sH4-HxURrkrparsBNPE,33.901428499999994,35.6048965
بصرما,الكوره,ChIJ_Wl9z5r5IRUR1P48mRZPFvY,34.331078999999995,35.839580299999994
بصليا,جزين,ChIJEzumufzoHhURoOBGitiOcW8,33.501103,35.5118925
بطحا,كسروان,ChIJXxJZ0y5HHxURlpQk5FfDZ9w,33.9862799,35.66011659999999
بطرام,الكوره,ChIJl1IiEsv7IRUR-Ek8eIIqhk8,34.33125510000001,35.8099578
بطرماز,الضنية,ChIJb-Xr6u8YIhURku26EqDeoSs,34.4229694,36.0337088
بطشيه,بعبدا,ChIJVYg6uj0YHxURoLd53PSn2QA,33.825682799999996,35.5443161
بطمة,الشوف,ChIJQ1xTrpwgHxUR_J566gjdpmM,33.6612486,35.6209921
بعاصير,الشوف,ChIJQTiwWLzjHhURUFGW2aJFwjc,33.65849910000001,35.4481083
بعبدا,بعبدا,ChIJ5eUiVB8YHxURGGOvH8tX0zc,33.833797,35.544145
بعبدات,المتن,ChIJqcvhrWo5HxURJg_5K6qwlIA,33.8919523,35.6757536
بعذران,الشوف,ChIJJ_EG3T_fHhURFDSHEO5PDVk,33.6363201,35.6191001
بعلشميه,بعبدا,ChIJC8avu6g8HxURgpOwuBeTvhk,33.812742799999995,35.648708
بعلول,البقاع الغربي,ChIJw-F6zo3XHhUR7sZhn2tgKKg,33.590695000000004,35.7492549
بعورته,عاليه,ChIJ-yZ7SYseHxURBLDreE0UqkI,33.739776299999996,35.4997263
بفروه,النبطية,ChIJQ63qXw7tHhURmuUsTRSvbE8,33.4346795,35.422392200000004
بقاعصفرين,الضنية,ChIJh3h69t8bIhUR8gbHqv4PoIE,34.3763652,36.02507620000001
بقرصونا,الضنية,ChIJe3h94ncZIhURkKk7jnKWLec,34.37910720000001,36.0451139
بقرقاشا,بشري,ChIJgWNZEVUBIhURvInadkDCm7g,34.240581299999995,35.9965816
بقسطه,صيدا,ChIJgSiTFmflHhUR_n7bp-Z5NmM,33.5791192,35.406249
بقسميا,البترون,ChIJM6W61xT9IRURkiUdQDgxMqA,34.251537299999995,35.7653779
بقعاتا,الشوف,ChIJUYs1E3ogHxURhCBCDHpHrNk,33.67001930000001,35.5995481
بقعاتة عشقوت,كسروان,ChIJ6feYwQZGHxURrH3N1pN5XQ0,34.0030876,35.7284749
بقعاتة كنعان,كسروان,ChIJ9QC37e1IHxURaryYkDz-AgA,33.965885,35.7647562
بقنايا,المتن,ChIJM1JQVXU-HxURJAAgf6VVDy4,33.902542499999996,35.5883239
بكا,راشيَا,ChIJ0ycYFSjVGBURfumscvURn6A,33.5937786,35.9248685
بكاسين,جزين,ChIJVax61JPdHhUR_GElJHC7j8A,33.568147499999995,35.5796757
بكفتين,الكوره,ChIJsVeAFgX3IRURNmGu5kL57zQ,34.384670299999996,35.862253100000004
بكفيا,المتن,ChIJlRceR-84HxURbpA8uodaBTk,33.9206106,35.681531299999996
بكفيا حي وادي شاهين,المتن,ChIJT7I-C4k4HxURJLMQFtTmXmY,33.93158,35.692901299999996
بكيفا,الشوف,ChIJtX1oRurmHhURUvhSNQReyaM,33.593598,35.5023651
بلاط,مرجعيون,ChIJC1DER1LAHhURiigArr5q4n4,33.3861807,35.6006044
بلوزا,بشري,ChIJZSGgkzYCIhURMPMLS0eA9Jc,34.262488700000006,35.952147100000005
بلونه,كسروان,ChIJE_SYMaA4HxURxPZ8Ahpig70,33.949084899999995,35.6743217
بليبل,عاليه,ChIJg3pK_3AYHxURztsABkL6ehQ,33.8068149,35.5576616
بليدا,مرجعيون,ChIJhfPwrMieHhURgPdcFgJIes8,33.138244199999995,35.5169211
بمريم,بعبدا,ChIJ5zDd0lk6HxURBPJa3WDcWJ4,33.831311299999996,35.717212200000006
بمكين,عاليه,ChIJ73lPvoMiHxURXuap8fcq0PQ,33.7971954,35.5697734
بمهريه,عاليه,ChIJj7cnnhQlHxURtLiTo3Uj_wk,33.7566734,35.717261900000004
بنتاعل,جبيل,ChIJmfuhSKxbHxURAvimyJbrjyo,34.146023,35.693159
بنشعي,زغرتا,ChIJZQNAAxj4IRURQgNeCAH8Q_Q,34.3339706,35.8940108
بنعفول,صيدا,ChIJGbX-M9rtHhURNkHA_TC7C4I,33.4820675,35.4209795
بنهران,الكوره,ChIJAfqcusn-IRURMsWyo4Cm2Nk,34.273553,35.8517338
بنواتي,جزين,ChIJkyc18PLdHhUR3qXKhMN4Hrw,33.576260600000005,35.574845
بنويتي,الشوف,ChIJxT0iJs3hHhUR1wd_DRSsxEQ,33.6777756,35.5151043
بني حيان,مرجعيون,ChIJTQPH90WXHhUR7o3wgxJjJVg,33.2441916,35.4892229
بوارج,زحلة,ChIJ6a1PuVkxHxURHNohVrIJU-s,33.81210170000001,35.8242794
بوداي,بعلبك,ChIJWSIJ5MioGBURYHUHxjHPwz0,34.061235100000005,36.0639121
بوسيط,زغرتا,ChIJcY5CrToeIhURpNwVk6UQzCY,34.4383787,35.9261833
بياقوت,المتن,ChIJnfNABuc9HxURovK-EdTb4Yw,33.8956143,35.5855269
بيت الحاج,عكار,ChIJsxrKecc6IhURTjLzLnIuZhA,34.5617451,36.103117100000006
بيت الحوش,عكار,ChIJbcFG1CEiIhURqj_Wdw82vOY,34.4799789,36.005283399999996
بيت الدين,الشوف,ChIJg-Gfe8zYHhURuVFFiExoZmI,33.6948309,35.58128370000001
بيت الشعار,المتن,ChIJ8z3h7_w-HxURaA1Te3Wv35Y,33.927652,35.618449600000005
بيت الفقس,الضنية,ChIJp83CbqYZIhURLvG-5GJOccM,34.3952734,36.050339799999996
بيت ايوب,عكار,ChIJifx2jxE8IhUR4i0icOkpvlA,34.473483200000004,36.160467700000005
بيت حباق,جبيل,ChIJVeo2CDBaHxURFMjWgslkUEQ,34.1641872,35.7085794
بيت شاما,بعلبك,ChIJp_zoZUexGBURdPDgY3e0PBg,33.9188672,36.0239398
بيت شلالا,البترون,ChIJf9oiMgz-IRURUD0UYaBNn74,34.223234999999995,35.835875
بيت عبيد,زغرتا,ChIJRf5IVx8eIhURDnJOwZ-6DR8,34.4310721,35.920047600000004
بيت عوكر,زغرتا,ChIJQY8JJCAeIhUR2lRNwF41g8s,34.432759999999995,35.9169174
بيت لهيا,راشيَا,ChIJFZ76lAvRHhUR5hj_9nFW3zo,33.4834713,35.802220500000004
بيت ليف,بنت جبيل,ChIJMZmf1XGCHhUR0lb-CAHe9Kg,33.1336733,35.332727500000004
بيت مري,المتن,ChIJrwzzarM9HxURuNqfGACuGp4,33.869778000000004,35.6080854
بيت مشيك,بعلبك,ChIJgUk1jemuGBUR_N2vlpy_uVc,34.04445820000001,36.0301164
بيت ملات,عكار,ChIJiWwOqTE6IhURULiRz2bDxrQ,34.529445,36.1628927
بيت ياحون,بنت جبيل,ChIJc5WdPpKcHhURrtiGygBS6P0,33.1590378,35.421097100000004
بيت يونس,عكار,ChIJJe_aIWw8IhUREGJSoBO9Sh0,34.4754566,36.14932879999999
بيصور,عاليه,ChIJ7eSmQggiHxUR_FVahYfwAk4,33.7635237,35.5677813
بيقون,الشوف,ChIJz6egTTzeHhURnl1hoddiJfU,33.6165373,35.5821836
بينو,عكار,ChIJczFy2PQ5IhUR5u7TAjfiFy0,34.537078799999996,36.1790095
تاشع,عكار,ChIJu0ZskWg5IhUR4gjOXYNmv7A,34.4979588,36.188067499999995
تحوم,البترون,ChIJCwlz2qNYHxURmHIDmp8reck,34.249832,35.6642904
تحويطة الغدير,بعبدا,ChIJhR_rsZQZHxURlhBRc-np-uo,33.83408529999999,35.4951531
تربل,زحلة,ChIJqRQRcTfKGBURZG6qNCckWn8,33.8177577,35.98372740000001
ترشيش,بعبدا,ChIJN192j1k2HxUR5hEXONhZkdo,33.875679,35.797255299999996
تعلبايا,زحلة,ChIJM7UrUH00HxURsG_68ncN1I0,33.816984000000005,35.870943
تعنايل,زحلة,ChIJnfBS-YIzHxURNHFv-BQuHQs,33.800720899999995,35.869237700000006
تعيد,جزين,ChIJe-oSYm3nHhURelyjp0q15AQ,33.57423,35.5456869
تفاحتا,صيدا,ChIJZdE2X7byHhURtPJOm5Hksm8,33.4321276,35.371204600000006
تكريت,عكار,ChIJx3b8Zck7IhURvkPK5Awz_iM,34.5188023,36.158254
تل الاخضر,زحلة,ChIJ32ScbQguHxURzN-G6f-F8Nk,33.7342907,35.826443499999996
تلبيبة,عكار,ChIJXQAAIXomIhURGkqYVvom-TQ,34.587467,35.99671
تلبيرة,عكار,ChIJ3cTDwUY2IhURaDLEs-GYqK8,34.5874342,36.23755939999999
تلة وشطاحه,عكار,ChIJj28DvSY6IhUR7JRjyUUYr0s,34.5330125,36.17164520000001
تلعباس شرقي,عكار,ChIJYS5gZ1olIhURGEnKLqEwpuE,34.583563899999994,36.07711150000001
تلعباس غربي,عكار,ChIJYS5gZ1olIhURGEnKLqEwpuE,34.583563899999994,36.07711150000001
تلمعيان,عكار,ChIJJQCOEoYlIhURqjhQ9NJybcU,34.6001692,36.0361979
تمنين التحتا,بعلبك,ChIJgcNN49W1GBURdumGJxqDnnQ,33.8847612,35.9924921
تمنين الفوقا,بعلبك,ChIJ3y5H60C0GBURdF78RNsTYCQ,33.9041633,35.97913
تنوره,راشيَا,ChIJXXaY1qPRHhURQqegcUp-h2Y,33.474222,35.8030737
تنورين التحتا,البترون,ChIJheicQsn_IRURnLpu7pZ4beI,34.209633399999994,35.8778671
تنورين الفوقا,البترون,ChIJfy5G1H0AIhURDgILTD8Epjk,34.1819171,35.903508
تول,النبطية,ChIJN-H50zqTHhURlG_Qe4uF7B4,33.389468199999996,35.4456216
تولا,البترون,ChIJ49aHotJZHxURmkpa7DszxkM,34.2006026,35.73047469999999
تولين,مرجعيون,ChIJsdl_RJyQHhURJN5glXgX8M0,33.2467179,35.4489174
جاج,جبيل,ChIJsUCauJRWHxUR1jdVisp2TsU,34.163140999999996,35.8070886
جب جنين,البقاع الغربي,ChIJPQ7lgVIoHxURyMDZ8OJzgnI,33.6328198,35.7819158
جباع,الشوف,ChIJLVZgEdveHhURItDwTrgrxE0,33.6104435,35.6286641
جبال البطم,صور,ChIJ-0DFVZ2BHhUR5EzRtphKWGE,33.1765349,35.2914475
جبرائيل,عكار,ChIJAX8QphpBWBQRuUzlqM-J33I,30.07174569999999,31.2055853
جبشيت,النبطية,ChIJzZYm_ACTHhURhoAovAVxZ08,33.3670949,35.4374609
جبعا,بعلبك,ChIJNXqN_EquGBUR3gE4MNl3i_Y,34.0044971,36.043674700000004
جبل المنصوره,عكار,EiFNYW5zb3VyLCBDYWlybyBHb3Zlcm5vcmF0ZSwgRWd5cHQ,30.0342907,31.237004
جبلا,البترون,ChIJf11Zmwr9IRURFiqTx4tiwKY,34.247265899999995,35.7802614
جبوله,بعلبك,ChIJu7rNKdJtIhUR9lNKhh5CXVM,34.2271339,36.35223010000001
جبيل,جبيل,ChIJm3arFKhcHxURbmFdJltzR74,34.1230021,35.6519282
جدايل,جبيل,ChIJeeXEu3dcHxURHE3cFRhfss4,34.164545600000004,35.651526700000005
جديتا,زحلة,ChIJU3Du2_czHxURelf11Su7BXs,33.8174838,35.8406565
جديدة القيطع,عكار,ChIJExMzCwUiIhURihnNXMA7Dbo,34.4656865,36.0118377
جديدة غزير,كسروان,ChIJ1VUWxYFGHxURNNweOKRXRxw,34.0219078,35.693468100000004
جديده الشوف,الشوف,ChIJh16EKHogHxUR_iGSFU4HtOE,33.6712992,35.6003474
جران,البترون,ChIJCwlz2qNYHxURmHIDmp8reck,34.249832,35.6642904
جربتا,البترون,ChIJbw0w3nJVHxUR4wX_1Id_cvc,34.249832,35.6642904
جرجوع,النبطية,ChIJMZLNftLrHhURWsugdW0fiCw,33.4461612,35.5189366
جرنايا,جزين,ChIJo1_u1LXuHhURRmPq_mnhMlE,33.488094399999994,35.472944399999996
جزين,جزين,ChIJr29xZ23dHhURaLKTLFUBodw,33.540836999999996,35.5862413
جسر القاضي,عاليه,ChIJGztlkWIfHxURVouQjW4f9U0,33.7258689,35.564795399999994
جعيتا,كسروان,ChIJ-aNfZ1A_HxURFt_C2bH9zsQ,33.9536454,35.6437127
جل الديب,المتن,ChIJSxwaqw4-HxURNEqW65GaTTc,33.9088456,35.5819893
جلالا,زحلة,ChIJW1FDU3c0HxURpFGKHcPLNrA,33.8160789,35.8603267
جناتا,صور,ChIJaYV5SF-PHhURsKtSzMCNE68,33.2858455,35.319643400000004
جنتا,بعلبك,ChIJ__vQ9sa5GBURADaq8nOAbR4,33.8573325,36.10748330000001
جنجلايا,صيدا,ChIJvWqAh_rtHhUR9HYPatt6rW4,33.485813300000004,35.398734499999996
جنسنايا,جزين,ChIJ4crXFqfvHhURBsDTy08hcu0,33.5364735,35.4324811
جوار الحشيش,الهرمل,ChIJKce26D9GIhURJPY9KLy_TEc,34.486512299999994,36.327393
جوار الحوز,بعبدا,ChIJSRL7M0A3HxUR6u5iOlbFCyw,33.8633005,35.76010850000001
جورة ارصون,بعبدا,ChIJJ0dJGSU6HxURsudzpbLY9ss,33.8523784,35.709686100000006
جورة البلوط,المتن,ChIJZ6OYb5g-HxURljTCq-oTBns,33.891022,35.634922700000004
جورة الترمس,كسروان,ChIJBcisaZhFHxURpr1NpLkz3do,34.0445689,35.7200676
جورة بدران,كسروان,ChIJyVkOhw5FHxURllDUtmv1GaY,34.0621974,35.7129057
جون,الشوف,ChIJI74hcsblHhURempKPBK44kw,33.5808902,35.4611653
جويا,صور,ChIJTQerHFOEHhURQgI0VJSlKgk,33.2381201,35.3387261
حارة الست,بعبدا,ChIJe3guIKoiHxUR9BQUIoKoTnA,33.8246993,35.5671541
حارة الفوار,زغرتا,ChIJc4WhWsP1IRURQvEziLIV1DQ,34.4329283,35.888568400000004
حارة الناعمة,الشوف,ChIJky0rabgdHxURxLEj_OoNdG8,33.739129,35.455251200000006
حارة بعاصير,الشوف,ChIJuwnQXbrjHhURoKZz0inXi2s,33.66350070000001,35.4484422
حارة جندل,الشوف,ChIJQ_gKcKnfHhURDg8DDe-RWkM,33.6281609,35.6062045
حارة حمزة,بعبدا,ChIJZ_CysWc7HxURcglz-PwBHd8,33.8158624,35.66465
حارة صخر,كسروان,ChIJKzO5Cs9AHxURKAMNonMNuXU,33.98799760000001,35.64378320000001
حاروف,النبطية,ChIJ05PjlAGTHhUR6ut2szJHl04,33.3779657,35.4433258
حاريص,بنت جبيل,ChIJ7eVTf5EnHBURqPSSG-iK73g,33.120546000000004,35.43353090000001
حاصبيا,بعبدا,ChIJnxGN8-o5HxUR3NrLpRfUPbE,33.875204100000005,35.7217271
حاقل,جبيل,ChIJ4Ytb91pXHxURzOCpX754EtU,34.170961,35.7491556
حالات,جبيل,ChIJOdtzVn1DHxURnj2-QQlfqeE,34.084304100000004,35.6531805
حام,بعلبك,ChIJJYhAPUG8GBURzEO6aKxShrc,33.874249400000004,36.202129
حامات,البترون,ChIJbw0w3nJVHxUR4wX_1Id_cvc,34.249832,35.6642904
حانين,بنت جبيل,ChIJ7derxxsoHBUR8PpbIor-H3g,33.1101276,35.38096470000001
حبالين,جبيل,ChIJ6XzMOrhbHxUR_q6MKpyHkhs,34.1596251,35.685377700000004
حبرمون,عاليه,ChIJEdnBjIMjHxURLCZDYNWwZ4k,33.760394100000006,35.6450565
حبشيت,عكار,ChIJyxQy5yo9IhUR4ODuNPrWbIY,34.467592700000004,36.0899843
حبوش,النبطية,ChIJyQrle1_rHhUREumUz7IZj3w,33.407423699999995,35.478588099999996
حجولا,جبيل,ChIJtWgCRZtQHxUREItMYZDRfVk,34.131821,35.74697159999999
حداثا,بنت جبيل,ChIJ2REDIc2cHhURDMRPIlNjsng,33.1651303,35.38873299999999
حدتون,البترون,ChIJu3k9VURWHxURqlvGvBEAaFA,34.1941234,35.7980776
حدث الجبة,بشري,ChIJvbL0bPEBIhUR7sDgsCL_2z8,34.2473023,35.930339000000004
حدشيت,بشري,ChIJgRHjspQDIhURzvnmwSI8vlE,34.2546997,35.9851599
حراجل,كسروان,ChIJE7J59OVOHxUR6AqCl2zpbvw,34.014069299999996,35.79493739999999
حرار,عكار,ChIJa-2w2gI9IhURNG_PsZ7nNXY,34.4573429,36.1226825
حربتا,بعلبك,ChIJ-yQAhq1yIhURxnxaIxCB7o8,34.2077402,36.266472
حردين,البترون,ChIJK7gOoFn-IRUR-kcYsL0TjVY,34.2357565,35.858009700000004
حرف ارده,زغرتا,ChIJC_zEGRb2IRURv9FKk2hF3M4,34.396315799999996,35.895844399999994
حرف سياد,الضنية,ChIJXx7m3N0YIhURxiCR0Z4sn0U,34.4213348,36.0225141
حرف مزياره,زغرتا,ChIJ48buHTQdIhURhFll-9TA4j0,34.3321887,35.941477899999995
حريصا,كسروان,ChIJR9lei8pAHxUREmilQojBkYc,33.980269899999996,35.6529129
حزرتا,زحلة,ChIJQYjrC4M1HxUR1O-UgsSNI7s,33.8790583,35.867794599999996
حزين,بعلبك,ChIJXdAPnValGBURUjCryRPll8A,33.9712588,36.0928672
حصارات,جبيل,ChIJ13w5oMVbHxURxIUUH7WXy84,34.1687761,35.684641600000006
حصرايل,جبيل,ChIJ13w5oMVbHxURxIUUH7WXy84,34.1687761,35.684641600000006
حصروت,الشوف,ChIJXbUDQ-jgHhURvtsresgWj_U,33.6284611,35.534500200000004
حصرون,بشري,ChIJIw0dEt4DIhURKOMHFHPysoA,34.2413261,35.9795265
حقل العزيمة,الضنية,ChIJezakzTgZIhURAqXb7kW8Jxg,34.3997579,36.018449700000005
حكر الضاهري,عكار,ChIJJdYpOz4vIhUREBjgwy-XvsQ,34.6306347,36.0236761
حلبا,عكار,ChIJhQ1N89AkIhURfLtMfo1Ass4,34.54403679999999,36.079835700000004
حلبتا,بعلبك,ChIJ-yQAhq1yIhURxnxaIxCB7o8,34.2077402,36.266472
حلتا,البترون,ChIJOSxYPHf9IRUR5lcK8E9k0DE,34.238088,35.7800463
حلوة,راشيَا,ChIJPTP4C__TGBUROtgowzAwAZs,33.6104939,35.9992718
حمانا,بعبدا,ChIJV7W9kXA6HxUR8NNbu0lyUJ4,33.825249400000004,35.733292600000006
حملايا,المتن,ChIJtRQjW4hHHxURcCSqUUpHeyc,33.9359593,35.7086635
حنوية,صور,ChIJQc0kzjOBHhUR82iQtAMDdX8,33.2177088,35.2729841
حنيدر,عكار,ChIJv-jMi1BNIhUROrt5VrRYnaA,34.615247600000004,36.4284946
حواره,الضنية,ChIJG5RqDxkYIhURkJnUZPl59pU,34.41744389999999,36.0737186
حور تعلا,بعلبك,ChIJTWo0qAW7GBURQgbkQFoq8Kk,33.9182883,36.1414859
حوش الامراء,زحلة,ChIJOQj60zo1HxUR7pUtQRq4-mQ,33.8462304,35.9019775
حوش الحريمة,البقاع الغربي,ChIJAQlHrJctHxURdOlUkTSOjvk,33.7201098,35.8531311
حوش الذهب,بعلبك,ChIJPxT9aXamGBURyC74QgautFY,34.0282404,36.117991100000005
حوش الرافقة,بعلبك,ChIJM0-ZHNewGBUREENBOMtS21c,33.9231252,36.0430164
حوش السيد علي,الهرمل,ChIJY_sZcpZQIhURGDjOl_p1YvY,34.4594181,36.499692700000004
حوش الغنم,زحلة,ChIJcYaK5oq2GBURWuyyPn1DiRQ,33.875546,36.02246160000001
حوش النبي,بعلبك,ChIJG5YwRPSwGBURko5HJrfXMJE,33.9345221,36.0648766
حوش بردى,بعلبك,ChIJ4-dlibulGBURACEJZFV_Lz8,34.011283,36.1207821
حوش تل صفية,بعلبك,ChIJpWf7ECmkGBUR-haH35x6Z1c,34.0246521,36.14013610000001
حوش حالا,زحلة,ChIJtwFrbPm1GBURuprxKGC7494,33.84777020000001,35.9951058
حوش سنيد,بعلبك,ChIJoXt0IIewGBURwNr8RoSsbPY,33.9285447,36.082643100000006
حولا,مرجعيون,ChIJHWyfgM6ZHhURTuSsX7DL06E,33.2090575,35.51627379999999
حومال,عاليه,ChIJrUymh3QYHxURAk66-Si2EJE,33.8110443,35.5608381
حومين التحتا,النبطية,ChIJp889L9PtHhURCrn8GC6tkC0,33.4767052,35.4337856
حومين الفوقا,النبطية,ChIJpSq3bZXrHhURTgNsC9hVzeg,33.4410128,35.4989664
حي البياض,النبطية,ChIJLT2jFYHsHhUR8lxIQ77fP4E,33.427768,35.474183399999994
حي الحارة,الهرمل,ChIJMX-R2MpGIhURehBrRPOlQYs,34.4292511,36.32549050000001
حي الحسينية,صور,ChIJv3p8yY99HhURUhCqxG0GIds,33.2713535,35.2050283
حي السراي,النبطية,ChIJn_BxhqaUHhURAfaNe7lYHAo,33.3766118,35.4830941
حي الفياضية,بعبدا,ChIJQ27MpfsXHxURFK40TBpFikU,33.8406393,35.558419
حي الفيكاني,زحلة,ChIJY0LIxT62GBURqtyAK8MIpBI,33.8487696,36.028713
حي المنارة,صور,ChIJSdwv55d9HhUR7Ks2jeUGDfw,33.2761883,35.193243700000004
حي الموارنة,صور,ChIJJeqBtpd9HhURvtErJ9zFb1A,33.2747707,35.19442590000001
حي بديتا,الهرمل,ChIJ61loPpZDIhURUhrNLOJ7C_I,34.392010600000006,36.37836420000001
حي مار سابا,بشري,ChIJR0s3VXIEIhURQd7W4ZSKZiQ,34.2485346,36.0105228
حياطا,كسروان,ChIJN-d4qMJFHxURDJVl4GgDryk,34.0245125,35.7187027
حيزوق,عكار,ChIJFWV3sfY6IhUREJH5sYqDslU,34.54828970000001,36.12776470000001
حيطورة,جزين,ChIJaQiikwjoHhURmONIH8xJHwA,33.5193644,35.553669299999996
حيلان,زغرتا,ChIJyc1bP_geIhURFGCWYmIA3O4,34.4285456,35.96042429999999
خربة بسري,الشوف,ChIJ-ZUTph3nHhUROBqlDOKBc34,33.584297799999995,35.5261071
خربة داود,عكار,ChIJ1RMRK1Y2IhURjOVzoqxqBtA,34.5870132,36.2216838
خربة روحا,راشيَا,ChIJFeU8pY3VHhUR1tO7ZHO5XZk,33.5717935,35.853142999999996
خربة سلم,بنت جبيل,ChIJs4_32-yaHhURVCiWxlFLi3k,33.2302093,35.4254856
خربة شار,عكار,ChIJ-a6wGDs3IhURsOIadSW8C3w,34.5794589,36.19021370000001
خربة قنافار,البقاع الغربي,ChIJX4nA39onHxUR03EpzxFH5vM,33.6473273,35.7310517
خرطوم,صيدا,ChIJbfEAxkONHhURBNOJbnRofVI,33.4079118,35.3750879
خريبة الجندي,عكار,ChIJrwfEws46IhURzgCAS7Ov_Ag,34.5585151,36.0967511
خزيز,صيدا,ChIJZwh6SpHtHhURalcqo63xni0,33.4668279,35.4067396
خط البترول,عكار,ChIJjQXPzu9AWBQRK0rRDtK0rSQ,30.064945399999996,31.23058349999999
خلوات فالوغا,بعبدا,ChIJubQ6bQw6HxURw4TJEX5XW8U,33.837398,35.734418
دار المريسة,بيروت,EjjYtNin2LHYuSDYr9in2LEg2KfZhNmF2LHZitiz2YrYjCDYqNmK2LHZiNiq2Iwg2YTYqNmG2KfZhg,33.90096629999999,35.48816310000001
دار الواسعة,بعلبك,ChIJf8TdJk-oGBURAKm3Zp4dVYM,34.106622200000004,36.057399700000005
دار بعشتار,الكوره,ChIJ3-gpUVD8IRUREtxpUhIwEnM,34.2689229,35.79290530000001
داريا,الشوف,ChIJlRzpGBThHhURQEEFAp1M4Do,33.6401938,35.5051342
دارين,عكار,ChIJq0Ftyj4wIhURLkNDVQ70VBI,34.6040732,36.10705129999999
دبعال,صور,ChIJv0PXmgmFHhUR_HuGj2Q7xnc,33.2507558,35.348836999999996
دبعل,الضنية,ChIJQf5gVggYIhURNtmGoOV64rg,34.4341339,36.07616489999999
دبل,بنت جبيل,ChIJ6eqw5JiCHhURXue6BFVGIk4,33.1197637,35.366226700000006
دبين,مرجعيون,ChIJDXTESmjAHhURABObo5Aj0xM,33.3703722,35.595937400000004
دده,الكوره,ChIJP3IVYZnwIRURlAM5TTrdcBM,34.3810058,35.8009739
درب السيم,صيدا,ChIJf3fcCtDxHhURQOxkyoikhgc,33.530518300000004,35.38084310000001
دردغيا,صور,ChIJQV5oBO2PHhURzODqs9z8rjk,33.2807039,35.370844700000006
درعون,كسروان,ChIJVyQJ4C9HHxUR2rBasOAQJWI,33.984198,35.662867
دريا,البترون,ChIJbw0w3nJVHxUR4wX_1Id_cvc,34.249832,35.6642904
دفون,عاليه,ChIJzV539FAfHxURdOUkJvNSvlI,33.7474451,35.557903
دقون,عاليه,ChIJEZQ_P_keHxURzCdInI-Y9_M,33.7318138,35.51431420000001
دلبتا,كسروان,ChIJtfALTIxGHxURJIoyIdqe1zY,34.0079372,35.6890784
دلهون,الشوف,ChIJaaRjKgnkHhURJAzVzKvCANk,33.6266274,35.468120299999995
دميت,الشوف,ChIJHQwWctfhHhURMKC5uINIXMM,33.69193679999999,35.5078105
دوما,البترون,ChIJC1rO-fZVHxUR2pFJ11Fvbxc,34.2032596,35.8422589
دوير عدويه,عكار,ChIJWawiDDM3IhURRIY2uiP5j3A,34.581357000000004,36.178550200000004
دير الاحمر,بعلبك,ChIJHZdUJiIIIhURKYRyOJAGnc0,34.1211902,36.121947399999996
دير الحرف,بعبدا,ChIJd2nu0rc7HxURksMrJ3IlPK4,33.848485600000004,35.688682799999995
دير الزهراني,النبطية,ChIJ0-miz4zsHhURarMPQj0UNio,33.4303085,35.4568714
دير العشاير,راشيَا,ChIJnzp_VXrWGBUR4i1WbHBCPBs,33.561088,36.0105817
دير الغزال,زحلة,ChIJKTbh4yrIGBURqqGg2B3O6bo,33.8243759,36.0346324
دير القمر,الشوف,ChIJE_pIWYsfHxURYCr5xu9fjSI,33.6972116,35.5605832
دير انطار,بنت جبيل,ChIJo9bBQtuEHhURxmAsojrhxKQ,33.2195271,35.3748228
دير بابا,الشوف,ChIJn4kDqC0eHxUR6NVNzUufhxA,33.695488,35.5233531
دير بلا,البترون,ChIJT3G1Qs79IRURyiPf0us-5k0,34.24763970000001,35.8150513
دير جنين,عكار,ChIJm4FxyFI3IhURZrkGzTq7OWA,34.5647045,36.176907799999995
دير دلوم,عكار,ChIJZfyAtfMjIhURhvM5rQV9Sm0,34.5298117,36.021366
دير دوريت,الشوف,ChIJMzizYuAfHxURjuG0XMHV_B4,33.6844586,35.5445836
دير سريان,مرجعيون,ChIJJf-Yn72WHhURyv5jCXQLpPM,33.2946713,35.4939903
دير شمرا,المتن,ChIJQ4sj55JHHxURoMBGkJ5-TsA,33.9491935,35.7130141
دير عامص,صور,ChIJTQz25IeDHhUROORk7NvRGqA,33.2007253,35.3361038
دير عمار,الضنية,ChIJcVFTQXH1IRUR-kVRG1QRstU,34.463218499999996,35.899907299999995
دير قانون النهر,صور,ChIJY9wRgk-PHhURPsGsk_4PbKQ,33.2997618,35.31329960000001
دير قانون رأس العين,صور,ChIJyTtzsdGAHhUR7piyGdCh678,33.222532799999996,35.249671
دير قوبل,عاليه,ChIJgcICbxwZHxURjDnDCtaRaEY,33.7927835,35.5148397
دير كوشه,الشوف,ChIJkYZIxH0fHxURQF92S3BMHTc,33.7204589,35.563946200000004
دير كيفا,صور,ChIJvQzROaiaHhURqDe_Jrdnwzs,33.2584355,35.3994452
دير ميماس,مرجعيون,ChIJHxgTx-mVHhURWvy0iSkH2rE,33.3034336,35.54517379999999
دير نبوح,الضنية,ChIJycUiRpwdIhURLOHBtiFvwow,34.3730504,35.929938799999995
ديك المحدي,المتن,ChIJp0nMbR0_HxURYprH8Es7sCg,33.930417299999995,35.62237879999999
ذوق الحصنية,عكار,ChIJ2Wj6koUjIhURpv6UP542Pes,34.5211741,36.035777200000005
ذوق الخراب,المتن,ChIJP6Em6Qc_HxURulQ3NFZfP-g,33.9423126,35.61063239999999
ذوق حدارة,عكار,ChIJ877Z4ZkjIhURrpid7K0zJds,34.5123889,36.0336058
ذوق مصبح,كسروان,ChIJ57ipdHQ_HxUR6nA9tbcYldE,33.955113,35.61468
ذوق مكايل,كسروان,ChIJ6zWlzWI_HxURiuJTA76SpM4,33.9703275,35.6206146
راس اسطا,جبيل,ChIJ4x7s9pNaHxURHp-przjxRpg,34.1148719,35.72338920000001
راس الحرف,بعبدا,ChIJT9diikA7HxURuPwc4GmLps4,33.81303150000001,35.6721765
راس المتن,بعبدا,ChIJDZWsnY87HxURXhT5dN_bnS8,33.8490151,35.661648
راس بعلبك,بعلبك,ChIJT4doT75oIhUR-t4h1eGR3zY,34.2601333,36.418128
راس بيروت,بيروت,ChIJEeP2RdUQHxURUFIeQ3KUQZk,33.8989467,35.47339960000001
راس مسقا الجنوبية,الكوره,ChIJsUH5Syz3IRUR_Ea0awRj2ZA,34.3961153,35.831762
راس مسقا الشمالية,الكوره,ChIJQVQb6dPwIRURZurmEhPXAqA,34.4000441,35.82341629999999
راس نحاش,البترون,ChIJu93NZOHiIRURstZ-xMU2v24,34.2821443,35.717674
راسكيفا,زغرتا,ChIJrUofWgH5IRURJEyTtzg-Z7c,34.309306899999996,35.866924
راشا,البترون,ChIJ5YbXy0xWHxURiPMc13CxQQU,34.1995306,35.7846861
راشانا,البترون,ChIJbw0w3nJVHxUR4wX_1Id_cvc,34.249832,35.6642904
راشيا الفخار,حاصبيا,ChIJg-IxyTvHHhURtJQNDkFDk5Q,33.3540017,35.6674175
رام,البترون,ChIJ52HrAVlWHxURajdHL3UNoiU,34.1843239,35.798271500000006
راميه,بنت جبيل,ChIJ7eVTf5EnHBURqPSSG-iK73g,33.120546000000004,35.43353090000001
ربتلاتين,مرجعيون,ChIJ7fac6wiXHhURJOFw8gsh5Vk,33.2487623,35.5181848
رجال الاربعين,صيدا,ChIJxXXIZTkRWBQREkyIxW7XCmE,30.17457569999999,31.382222
رجم عيسى,عكار,ChIJc_nq3xxBWBQRzd2SWbU9d08,30.0690581,31.21387859999999
رحبة,عكار,ChIJG1BJPZc7IhURgEXH-ZzzE7w,34.5055326,36.1456907
رشاف,بنت جبيل,ChIJGcW3YO-CHhURkpP6dECrCyg,33.142985100000004,35.3624868
رشدبين,الكوره,ChIJj_7FWzf5IRUREKG3gdefDOI,34.2937871,35.8657761
رشعين,زغرتا,ChIJiXm3ku8dIhURhGv2dCNzzRw,34.39942449999999,35.92044509999999
رشكنانية,صور,ChIJJbqwE-uDHhURboT4PxPOKh8,33.1896146,35.322829299999995
رشميا,عاليه,ChIJ9zRi-oUhHxURWj_nzkpmSLc,33.73674099999999,35.599111900000004
رعشين,كسروان,ChIJz_rN9ApGHxURDBsioNw38hw,34.012071399999996,35.7213609
رعيت,زحلة,ChIJ1RUDs9S3GBURfGvcVGKqKPY,33.83088529999999,36.045977
رماح,عكار,ChIJ3RtaLHVKIhURCoNO1Sz_C0c,34.62253320000001,36.265334
رمحالا,عاليه,ChIJt4ZEF1kfHxURAN9mhbruouo,33.7411653,35.56231380000001
رميش,بنت جبيل,ChIJ7eVTf5EnHBURqPSSG-iK73g,33.120546000000004,35.43353090000001
روم,جزين,ChIJ84ngLsrnHhUREF-9ZljLj6w,33.5489795,35.5270441
رومين,النبطية,ChIJX2XHRDbsHhURPEGZ5osDKxk,33.463297499999996,35.4416414
روميه,المتن,ChIJ1R-8iS88HxURrOSFe7I_mh0,33.883024400000004,35.620377000000005
رويسة البلوط,بعبدا,ChIJs6c6r548HxURVm_0JZeimxw,33.8271665,35.64695510000001
رويسة النعمان,عاليه,ChIJuaiHFTEiHxURpP3E3ha8xJs,33.7544653,35.602507200000005
رياق,زحلة,ChIJ4TkB6g-2GBURYPP_9PF26kA,33.849090999999994,36.0121663
ريحا,بعلبك,ChIJUSNX9O4LIhURZHOJlcEnptQ,34.1532106,36.191004299999996
ريفون,كسروان,ChIJT8YXuatHHxURWJiuJkmwkEA,33.977506899999995,35.7010954
زان,البترون,ChIJbw0w3nJVHxUR4wX_1Id_cvc,34.249832,35.6642904
زبدين,النبطية,ChIJEb78G2qTHhURLrIr40Nhidw,33.375734200000004,35.4613782
زبقين,صور,ChIJd0XdQcGBHhURgkQELTH5awk,33.1652555,35.2677414
زبود,بعلبك,ChIJ7WqDrU1sIhURtPkASAfdllM,34.2404954,36.3198234
زبوغا,المتن,ChIJswHBpN9HHxURtjNLAseGW8Y,33.95100120000001,35.7388641
زحلتا,جزين,ChIJb_fVyxPoHhURHLRHBftJHJo,33.511917600000004,35.5481908
زرعون,المتن,ChIJg5mdc7I5HxURZqhRvKY0Arc,33.8967127,35.710787100000005
زغدرايا,صيدا,ChIJdck3LjDuHhURlvNOkZERodA,33.5254661,35.402075
زغرتا المتاولة,الكوره,ChIJb7lQOo_-IRURjKTLXLxqH9s,34.2507061,35.840752200000004
زغرتغرين,الضنية,ChIJLYi4KwEdIhURZmcbSPc-OrQ,34.35938970000001,35.9535841
زغرين,الهرمل,ChIJzxmAhkBBIhUR9iYm4D1bcH8,34.4108085,36.3286412
زفتا,النبطية,ChIJsyetBXvtHhURwB-4wAJTQjo,33.448334700000004,35.39821209999999
زقاق البلاط,بيروت,ChIJKfZhyN8WHxUROTSovy1BdDU,33.894145200000004,35.4989045
زكرون,الكوره,ChIJt9ihiNj6IRURsDPZ3VXl4vU,34.3521919,35.7545924
زكريت,المتن,ChIJ4XUXxhc_HxURYsIcMunEp1c,33.9378641,35.630052299999996
زلايا,البقاع الغربي,ChIJm0sSqJPEHhURYGaP45-fpvk,33.4594368,35.671603399999995
زندوقة,بعبدا,ChIJV34MzGw8HxURONV4BebT1-o,33.865379,35.6386165
زوطر الشرقية,النبطية,ChIJuwdo8PuTHhURKAppoE9Ea3Y,33.3197404,35.4719468
زوطر الغربية,النبطية,ChIJXXiD8eOTHhURSrznuTFamGA,33.3217712,35.4627531
زيتا,صيدا,ChIJq9W4nAXuHhUR6gOHIZ8T5ec,33.501607799999995,35.4007218
زيتون,كسروان,ChIJWc4JsVlEHxURQisVS2I3xjw,34.0617436,35.684197499999996
ساحل علما,كسروان,ChIJsUTqbNNAHxURwsjBglxMHx0,33.991667299999996,35.651477899999996
ساقية الخيط,جبيل,ChIJNXMlSCNaHxURGt-u99jaQhI,34.161167299999995,35.714799
ساقية المسك,المتن,ChIJyVuGO-Y4HxURXvVCFTD4yno,33.9196319,35.67888689999999
سبعل,زغرتا,ChIJMV40A3H4IRURAgcD05rhxHA,34.3124013,35.9077049
سبلين,الشوف,ChIJP6UNxmHkHhUR_oyskcsVdW0,33.6233284,35.4354231
سبنيه,بعبدا,ChIJ1wOcQDsYHxURG6_5hy97iyM,33.829972,35.537075
سجد,جزين,ChIJmbR3zjnqHhURxt9Jwx7ZMdc,33.4340695,35.5337519
سحمر,البقاع الغربي,ChIJsRird6jbHhURoo2GWsPFCGY,33.519725199999996,35.6862309
سد البوشرية,المتن,ChIJrfzZVSgWHxUR3hJ802aael0,33.878715899999996,35.5631773
سرار,عكار,ChIJdYebewcxIhURnPS3L3nkA7M,34.616611,36.1332078
سرجبال,الشوف,ChIJ2Sth3tHhHhURcrv3DOpRNcE,33.6822838,35.5150067
سرحمول,عاليه,ChIJZ5XKbNEYHxURyjEg6_DB6eI,33.7713405,35.5292768
سرعل,زغرتا,ChIJ-_iF15z4IRURnh-kyBV1_Gc,34.2882566,35.912355299999994
سرعيتا,جبيل,ChIJAfQ2C1NSHxURGKMPL2faVDU,34.079694700000005,35.86477199999999
سرعين التحتا,بعلبك,ChIJ-3gMTFu3GBURUAF6lMVmFok,33.8797821,36.078736
سرعين الفوقا شرقي,بعلبك,ChIJHVGEMeO5GBURMqzUCo4cgWY,33.878645,36.0928778
سرعين الفوقا غربي,بعلبك,ChIJHVGEMeO5GBURMqzUCo4cgWY,33.878645,36.0928778
سعدنايل,زحلة,ChIJ5Qlyfo00HxURInR182Uu1_4,33.8211819,35.882411700000006
سعدين,عكار,ChIJ32hxIh0wIhURKH7U8l69t3w,34.5962861,36.0916091
سفينة الدريب,عكار,ChIJ86C2crkwIhURQjGkvG9rKCk,34.5773451,36.1613289
سفينة القيطع,عكار,ChIJlze5GHIiIhURjpF4qucwgJc,34.4608885,36.0291246
سقي رشميا,جبيل,ChIJ9RC_NsZWHxURGvKyTjd1JKs,34.1603401,35.7893544
سلعا,صور,ChIJx_W3kE-FHhURygDwLgWbTJo,33.254059600000005,35.38052280000001
سلعاتا,البترون,ChIJEZRIBhriIRUROhmMpYTiI_s,34.279588700000005,35.6640062
سمار جبيل,البترون,ChIJD-OXDx5ZHxURoueYo2oLV80,34.2198222,35.6920198
سن الفيل,المتن,ChIJNVIex7QXHxURSi8RktEcP4Q,33.8779688,35.5399541
سن الفيل جسر الباشا,المتن,ChIJNVIex7QXHxURSi8RktEcP4Q,33.8779688,35.5399541
سنيا,جزين,ChIJTYjsbmToHhURwiE9STdq2aU,33.5179014,35.5283917
سهلات الماء,الهرمل,ChIJA-fNMoFPIhURHJfaEFuJXSA,34.483509999999995,36.39853
سهيله,كسروان,ChIJ5Z7QEVFHHxURXqZ8V_jvJsg,33.9551076,35.6583323
سوق الغرب,عاليه,ChIJ3U20woMYHxUR0sYsogLyaGs,33.7880582,35.5617559
سيدة النجاة,زحلة,ChIJtVuTMSM1HxURxyltvVWH53E,33.8472275,35.896928
سير,المنية,ChIJHREi1WgZIhUR1kcBzMkdH44,34.3869469,36.0294446
سيسوق,عكار,ChIJjVlQFQQjIhURMHL_5TZegSo,34.4890191,36.052606700000005
سيني,النبطية,ChIJm5ip2VS9HhURAd3ULzYWH2g,33.205108300000006,35.56853359999999
شاتين,البترون,ChIJZZJTMmJVHxURcir-sOJenIk,34.1885309,35.8871277
شارون,عاليه,ChIJ42ZcddgkHxURZpIHVACPKo8,33.7717906,35.6864066
شامات,جبيل,ChIJsY7fYzJaHxURRtTfErOKmn4,34.165277,35.6999788
شان,عكار,ChIJ0xokxJQ8IhURzhqVckOANCg,34.481971,36.1147925
شانيه,عاليه,ChIJvyWnSKQkHxURnsY5x-auHDc,33.787125200000006,35.660397100000004
شبطين,البترون,ChIJr4xNAY5XHxURmHsIJ7NIl3c,34.2117989,35.7513516
شتوره,زحلة,ChIJIbmnvHU0HxURGvWqXubT0Zk,33.8151459,35.853263899999995
شحتول,كسروان,ChIJx-I1r5NFHxURWDUxIYv6ZoI,34.0324705,35.7206195
شحور,صور,ChIJC4YDQ8iPHhURABRTq_YhO0w,33.2997805,35.370483
شحيم الجامع,الشوف,ChIJP6FNtqrmHhURoJo2USUl2zs,33.624868,35.479440000000004
شدره,عكار,ChIJuZpAxaBLIhURljvVOlYK5o4,34.6198914,36.3234783
شربيلا,عكار,ChIJ0Wc30pMwIhURwAm_fIJWeag,34.583461299999996,36.146088
شرتون,عاليه,ChIJE6sLQR4iHxURfiA9BbfhwZ0,33.7486946,35.583749100000006
شرين,المتن,ChIJn6IL9Ac4HxURpJx46HqFQD0,33.9320317,35.730864200000006
شقرا,بنت جبيل,ChIJIXgEAM6bHhURRi1bK-uD4lQ,33.1932564,35.46905
شكا,البترون,ChIJ0Rn8K6bkIRURwJZfqcvxZag,34.3239546,35.7294505
شليفا,بعلبك,ChIJJ5pC_dGnGBUR_M-x31g5sAM,34.0855238,36.100161799999995
شملان,عاليه,ChIJ_ZM1lpUYHxURdiNR12j9C9w,33.780378999999996,35.5490638
شموت,جبيل,ChIJ_5gkw0RZHxUR7IaHqRtLwwo,34.1980972,35.6715901
شننعير,كسروان,ChIJ3SZBqcVGHxURMtOEAO3CVnY,34.00655870000001,35.6681539
شواليق,جزين,ChIJkYOeaHnvHhURRMB2GzkYGgc,33.5539375,35.439143200000004
شوكين,النبطية,ChIJfaSV9piTHhURgPJF8yh3avY,33.3550675,35.4642305
شويا,المتن,ChIJbwO3Wg04HxURgO62FnEmKxc,33.9269208,35.71960130000001
شويت,بعبدا,ChIJD5rjhic9HxUR-nPO-tKeZtc,33.8286096,35.609358799999995
شيحين,صور,ChIJBRmZrPUqHBUR6ImNpbAZm58,33.126242600000005,35.256148700000004
شيخان,جبيل,ChIJYd0S-fNbHxURbPz1JdeUKOI,34.17459360000001,35.6590011
شيخلار,عكار,ChIJY0MrfmxKIhURKtKnOtWieTc,34.619905100000004,36.2726477
صبّاح,جزين,ChIJYw16pWLnHhURGBTQtcKlzHo,33.5683919,35.5652468
صديقين,صور,ChIJ9ysFj92DHhUR8vkAowCO8hg,33.1898329,35.310131899999995
صربا,كسروان,ChIJn9O8BIVAHxURBBoRWHcZL_Y,33.97738270000001,35.61836029999999
صربين,بنت جبيل,ChIJoQ0Dv-KCHhURzJZpzRio8yo,33.153709899999996,35.358762799999994
صريفا,صور,ChIJd13FOSKQHhUR5ncRK0g0Y40,33.281673600000005,35.39714229999999
صغار,البترون,ChIJLZtUIwpZHxURXqMHkf42634,34.2011239,35.695310799999994
صغبين,البقاع الغربي,ChIJmx4b4F_YHhURuIjpuqkaaBo,33.611701700000005,35.6983148
صفارية,جزين,ChIJkY4yLxHmHhURzgVaYaONB8k,33.5547919,35.4940635
صفد البطيخ,بنت جبيل,ChIJ24ml3AebHhURqsglJZA-HI0,33.200119,35.4326763
صفرا,بعلبك,ChIJ12zdkGUJIhURbP5KoTy3xn8,34.147985999999996,36.1663401
صليما,بعبدا,ChIJUSQVXXg5HxURmhdXIYyNK0M,33.8740255,35.695543799999996
صور,صور,ChIJlV2RL5B9HhURCHSZ-8Y_Ds8,33.2704888,35.2037641
صورات,البترون,ChIJ4fW8Omf9IRURuOaEmT_HFIw,34.2374649,35.7585474
صوفر,عاليه,ChIJ5yxzh946HxURTvEKytamYw4,33.8030916,35.701978999999994
صيدون,جزين,ChIJ73EQ5o3oHhURZFgE51VnIJ8,33.5210603,35.512127500000005
صير الغربية,النبطية,ChIJbdBSp0iOHhUR2h2KG0rRKls,33.3200643,35.3641087
ضهر ابو ياغي,البترون,ChIJrfx-ocNZHxURiqpIsIyAyG0,34.1898554,35.7267096
ضهر الاحمر,راشيَا,ChIJLRAowTbUHhURDDJQfjAi96M,33.5278527,35.8388559
ضهر الصوان,المتن,ChIJy-TGXhY5HxURlp6XqKR3rwg,33.8973958,35.6684005
ضهر العين,الكوره,ChIJm11tPCL3IRURrkJ6a9Tzwbw,34.3917891,35.8479571
ضهر المغارة,الشوف,ChIJfQjYek7iHhURGsPAadPGwNA,33.679720700000004,35.448174
طاران,المنية,ChIJg8_4yBsZIhUR2JIrjJ3kjj8,34.406442799999994,36.030708700000005
طبايا,صيدا,ChIJQcsUH4TuHhURVPXORDHWZrw,33.4876621,35.4400826
طبرجا,كسروان,ChIJ93FmnGlBHxUR_k6Igeim2jY,34.030268799999995,35.6289605
طفيل,بعلبك,ChIJGSXlbMGQGBURjC79s5XjwUM,33.8498751,36.36788749999999
طلوسه,مرجعيون,ChIJu3h6ylaXHhURArah0cpHj2g,33.2362586,35.485069700000004
طليا,بعلبك,ChIJJSnWf566GBURqEnOSigkr2g,33.936693,36.096846299999996
طنبوريت,صيدا,ChIJ81JUm0fuHhURluiv0vPJo6Q,33.5176943,35.4131337
طورا,صور,ChIJ83hGGaqIHhUR2Pbn2OZrIro,33.2935928,35.297627899999995
طورزا,بشري,ChIJZ1pjZL74IRURsEUsrbfyFlk,34.281922200000004,35.8979917
طورزيا,جبيل,ChIJSY4mYGVQHxURdr7Cf5RNONQ,34.1080491,35.7596255
طير حرفا,صور,ChIJhZoZ7dMqHBUR1Nwce_DAIoA,33.1269929,35.2190723
طير دبا,صور,ChIJL-YGKUKGHhURZuln-cdlKsA,33.2740896,35.2785041
طير فلسيه,صور,ChIJwR94tgaPHhURwIIbDDuwjtI,33.30897540000001,35.3478843
عابا,الكوره,ChIJLyu0ACD6IRURhJRf-7zrPMQ,34.3460291,35.8279213
عاريا,بعبدا,ChIJfxiZ2jY9HxURED0nIlm2KEY,33.829225,35.592429200000005
عاريه,جزين,ChIJ9dFwKMfdHhURvASJ3Yb0v1k,33.5704482,35.5938007
عازور,جزين,ChIJyZZGEKXnHhURfATvatvwqtg,33.559920399999996,35.5348888
عاصون,المنية,ChIJy0_j21YZIhURGktnCYk1FyE,34.3855091,36.0101261
عاليه شمالي,عاليه,ChIJX2n3Mm8YHxUR51Uo2tQtdfA,33.8100844,35.59733320000001
عاليه غربي,عاليه,ChIJ1QqYQcUiHxUR5vbxP0rH83g,33.810086299999995,35.597325899999994
عانا,البقاع الغربي,ChIJI-Mxs84oHxURavl5Z_IL4Q8,33.6925357,35.7612273
عانوت,الشوف,ChIJPzRcuCPhHhURvuMkJMoak78,33.6299722,35.515060299999995
عبا,النبطية,ChIJg9Nbc3KSHhURnJCNXESvOtk,33.3607344,35.4011052
عباسيه,صور,ChIJ2zRmZ6CIHhURdCHjWy9SO4E,33.29853629999999,35.2830678
عبدللي,البترون,ChIJbw0w3nJVHxUR4wX_1Id_cvc,34.249832,35.6642904
عبدين,بشري,ChIJhRKlps74IRURlEGcWrAzZXY,34.2734514,35.8869908
عبرا,صيدا,ChIJzQfps_bvHhURNlnC-nBYq7E,33.5664879,35.4059997
عبرين,البترون,ChIJbw0w3nJVHxUR4wX_1Id_cvc,34.249832,35.6642904
عبيدات,جبيل,ChIJj_hT3QJaHxURes7Z2RwvXDs,34.1650029,35.7292445
عبيه,عاليه,ChIJpwKUMwMfHxUR7OlSBupmLGM,33.7369225,35.52569829999999
عتشيت,مرجعيون,ChIJh7cDftSWHhURvKsZWeffLTU,33.2767735,35.4809446
عجلتون,كسروان,ChIJWSbauxJHHxUR2pJoO3LdcIw,33.9678362,35.6850701
عدبل,عكار,ChIJa_BJ7zE7IhURoPRXOpB2GAE,34.5351819,36.095771500000005
عدشيت,النبطية,ChIJh7cDftSWHhURvKsZWeffLTU,33.2767735,35.4809446
عدلون,صيدا,ChIJO34L2buLHhURoDXwma-D5Zc,33.4038299,35.273405100000005
عديسة,مرجعيون,ChIJx0VD9UqWHhUR5Jwhg5O096s,33.254428499999996,35.5424605
عرامون,كسروان,ChIJ8cg_hIBGHxURHOPhwEb-0fE,34.020048200000005,35.7018033
عرب الجل,صيدا,ChIJWdP_mJjuHhUREErHYtNLZAA,33.4827495,35.4557762
عربة قزحيا,زغرتا,ChIJFRYoIogCIhURDkjoeZeePoc,34.29368770000001,35.9275964
عربصاليم,النبطية,ChIJkQ9niLHrHhUR-B5X6WAHZ_4,33.4289821,35.5163851
عرجس,زغرتا,ChIJE8k7mjf4IRURfs-A1QuC7qc,34.330179,35.8815518
عرسال جنوبي,بعلبك,ChIJvbyQA-xvIhURxLfmTFqDqHc,34.17909960000001,36.420663399999995
عرسال شرقي,بعلبك,ChIJvbyQA-xvIhURxLfmTFqDqHc,34.17909960000001,36.420663399999995
عرسال شمالي,بعلبك,ChIJvbyQA-xvIhURxLfmTFqDqHc,34.17909960000001,36.420663399999995
عرطز,البترون,ChIJ6Vma7GH6IRURfY9O9AgIv68,34.36685429999999,35.7818814
عرقا,عكار,ChIJ37-Keo4kIhURdPkGBdeNQTY,34.534944,36.054601299999995
عرمتى,جزين,ChIJQ8MQK3DCHhURtloC_G9TK4Q,33.463860499999996,35.576507299999996
عرمون,عاليه,ChIJR9ipldceHxURdBILOheej4M,33.7594826,35.520460899999996
عزقي,المنية,ChIJOyZjwfMfIhURxlt50KgXJIU,34.4788556,35.9325815
عزه,النبطية,ChIJD5AXo63tHhURNHMeuLJdJe8,33.4537665,35.4310285
عشاش,زغرتا,ChIJz1BeZAseIhURphCqm-69SvM,34.411362100000005,35.9351359
عشقوت,كسروان,ChIJ3_Bd7kRGHxURlJgq5tGQz1U,33.9851074,35.710829100000005
عفصديق,الكوره,ChIJpyr066j7IRURSuTOkDAtrS0,34.3320936,35.788116200000005
عقتانيت,صيدا,ChIJBX3MzgXyHhURyECKbP_kO2g,33.4910864,35.3799438
عكار العتيقة,عكار,ChIJ3UeKAxg4IhUR9KMArwL7Iec,34.5248345,36.2418273
علما,زغرتا,ChIJpdDRZOb1IRUR7GNfKV0eu_4,34.4270724,35.898152
علما الشعب,صور,ChIJ0xhQX4XUHRURGHz9jnhJ3HE,33.1040979,35.180800500000004
علمات جنوبي,جبيل,ChIJ-7IzE1ZQHxURMi1GzCKynSs,34.109656799999996,35.7795333
علمات شمالي,جبيل,ChIJ-7IzE1ZQHxURMi1GzCKynSs,34.109656799999996,35.7795333
علمان,الشوف,ChIJR-gN-UPlHhURDn9vEkCZbd0,33.584996999999994,35.4071919
علي النهري,زحلة,ChIJuXugiUG2GBUR5lBv_Sv8CT8,33.8577,36.02588
عمارة شلهوب,المتن,ChIJcz--Kvg9HxURYC_T55pP0uU,33.8986804,35.5684415
عماره,عكار,ChIJS7lJdPkjIhURoH2QaykzjEM,34.5321463,36.0102866
عماطور,الشوف,ChIJ46mmzp_fHhUReMZTOdSbF_8,33.6435278,35.60858440000001
عمشيت,جبيل,ChIJEbqhFo5cHxUREOPsz9J-8bQ,34.148904400000006,35.6379896
عميق,الشوف,ChIJpd55tMghHxUR1sFDOks2vZc,33.7174854,35.582411799999996
عندقت,عكار,ChIJswCwzIFJIhURgGDv51L9e0M,34.5869016,36.3054868
عنقون,صيدا,ChIJC_l0C2TuHhURovtHPi2m3tU,33.4989835,35.428613
عوكر,المتن,ChIJO79hK0w-HxURYlPVaJhyl3Q,33.933708700000004,35.5957742
عيات,عكار,ChIJdZlw_ek5IhURwg8NyKsm0p0,34.53521370000001,36.1979321
عيتا الجبل,بنت جبيل,ChIJ7eVTf5EnHBURqPSSG-iK73g,33.120546000000004,35.43353090000001
عيتا الشعب,بنت جبيل,ChIJj1NACbopHBURAiQCgmbK0UY,33.0975932,35.33538529999999
عيتا الفخار,راشيَا,ChIJW28V5VcrHxURVKNpoXp19CY,33.63997979999999,35.905080100000006
عيتات,عاليه,ChIJi5ieXoYYHxURGAI1kBIfDqg,33.791599600000005,35.557252000000005
عيترون,بنت جبيل,ChIJ7eVTf5EnHBURqPSSG-iK73g,33.120546000000004,35.43353090000001
عيتنيت,البقاع الغربي,ChIJgeR-YF7ZHhUR4syiOUV3YX4,33.5613271,35.6702893
عيتيت,صور,ChIJpVzW7h6EHhUR4MqKDMsVpdI,33.2275416,35.3064684
عيحا,راشيَا,ChIJTVZqLoHUHhURIuZjjRC72H4,33.49901989999999,35.874924
عيدمون,عكار,ChIJN6cW9iBKIhURXH4Gx8fkfuU,34.5970643,36.2875492
عيمار,المنية,ChIJcVFTQXH1IRUR-kVRG1QRstU,34.463218499999996,35.899907299999995
عين ابو عبد الله,صور,ChIJgxNnP4iIHhURvI4H2Z4Djv0,33.3160635,35.2601412
عين الاسد الشميس,الشوف,ChIJodPYzPHjHhURevH_Uvb7oOU,33.638819500000004,35.4627562
عين التفاحة,المتن,ChIJhYopzwk4HxURnvyunJzAIJw,33.9328758,35.7265198
عين التينه,المنية,ChIJ5eXUGKEZIhUR7K-vYZ7AJh8,34.391203999999995,36.0489095
عين الجديدة,عاليه,ChIJ_4y_XTMjHxURutevP8tR5T4,33.8081374,35.630848799999995
عين الحلزون,عاليه,ChIJJ06j73sjHxUR4HnTuyz4UUg,33.7709278,35.647005799999995
عين الحور,الشوف,ChIJw2W7HqLhHhURYp67I9MlnfQ,33.6624152,35.5011763
عين الخروبة,المتن,ChIJcwc-pnw4HxURMBXH8ytrs3s,33.933719700000005,35.7010954
عين الدلب,صيدا,ChIJY0EUQ8_vHhURuIUhUPTSG1k,33.541106,35.4058249
عين الدلبه,كسروان,ChIJ-QHj5aBPHxURZEjOaOr5vXo,34.028532899999995,35.7670537
عين الرمانة,عاليه,ChIJnYO5nOoiHxUR9p0DX7pBknw,33.8045554,35.588778999999995
عين الريحانه,كسروان,ChIJT54D0qtAHxURjue1PypnXM8,33.9598117,35.64450479999999
عين الزيت,عكار,ChIJv0mC5-A2IhURQCmtusGm4k8,34.590527200000004,36.2001725
عين الزيتونة,المتن,ChIJHcC7tos3HxURLoAFgFfZftk,33.9051455,35.743818
عين السنديانة,المتن,ChIJLyoMWjA4HxURlFBBPgGRVSk,33.9027291,35.7284029
عين الصفصاف,المتن,ChIJQzQb2C84HxURtNr79LDmjGk,33.901676200000004,35.7298115
عين الصوانة,جبيل,ChIJyb-_GhZQHxUR4I-cza-w_s4,34.091402200000005,35.7619214
عين الفرديس,عاليه,ChIJ6ZXM2wEjHxURXKycbr_wuWs,33.780826700000006,35.609949
عين القبو,المتن,ChIJLV0irDhIHxUR8sZwF4HaS9U,33.9392316,35.7620401
عين المير,جزين,ChIJScMTzkbvHhURCJrnFtLBLGM,33.5362599,35.4621585
عين بعال,صور,ChIJ5eqATsWGHhURyqJtIqDRNvE,33.2335025,35.2701389
عين بورضاي,بعلبك,ChIJKcenRLKjGBURnD8f5kWvFP0,33.991178000000005,36.201867299999996
عين بوسوار,النبطية,ChIJmzilRXXpHhURUqMfn-seMFA,33.4739429,35.5190125
عين تنتا,عكار,ChIJDQZ8SS43IhUR0m0M65sao_Y,34.584201,36.184046
عين جرفا,حاصبيا,ChIJ0VGx2pLGHhUR9icSlDeBTQ0,33.3821598,35.6849529
عين جرين,جبيل,ChIJITuNSj1QHxURbtUGvw0fFt0,34.086714,35.7638067
عين حرشه,راشيَا,ChIJU56IrDLQHhURZLm24Hd9GCM,33.4566297,35.784198700000005
عين داره,عاليه,ChIJg3RzmrM6HxUR7Dq_oQEWzfI,33.7814066,35.7252364
عين درافيل,عاليه,ChIJ9-mln-YeHxURyqdenbdyb1g,33.748222999999996,35.50757479999999
عين زبده,البقاع الغربي,ChIJT1gHQH7YHhURfMlO4ydOl4w,33.622371799999996,35.7030023
عين زحلتا,الشوف,ChIJ6y4yQ6wlHxURohOyNXI0c9A,33.7413374,35.7004322
عين سعاده,المتن,ChIJMaEDbaY9HxURfKWt5TRRKqs,33.864011600000005,35.59710220000001
عين عار,المتن,ChIJswQeMdg-HxURmsRKK2yiy0k,33.9211511,35.6414318
عين عرب,مرجعيون,ChIJkS73U-S-HhURAkl8R7pAHn0,33.296738899999994,35.6235794
عين عطا,راشيَا,ChIJnaLj2s3PHhURNtp3w1oTeaQ,33.436615100000004,35.7794641
عين عكرين,الكوره,ChIJVxi3yUv5IRUR-q8tUdBobWM,34.285647600000004,35.846604299999996
عين علق,المتن,ChIJbwGfzNY4HxUR3gRmMk157Lo,33.9215909,35.660469899999995
عين عنوب,عاليه,ChIJNdPjmewYHxURkPJdZ4EBYp0,33.7859655,35.5422486
عين قانا,النبطية,ChIJWW2SPG7pHhURmEIr5zyO1Xc,33.471835999999996,35.5102412
عين قني,الشوف,ChIJGy46QXHfHhURDLAOQ0X6tBI,33.6492234,35.611163899999994
عين قنيا,حاصبيا,ChIJTcCOstDFHhUR0K5UeyFZf9c,33.3987925,35.707182200000005
عين كسور,عاليه,ChIJgQWz0DwfHxUR7srxK_HtxAc,33.7470523,35.533577799999996
عين كفاع,جبيل,ChIJXVDikJxZHxURdNOxwyI70Zc,34.1905764,35.6943844
عين كفرزبد,زحلة,ChIJp_H4PHzJGBUR8MYi0fenirU,33.7956852,36.0062037
عين مجدلين,جزين,ChIJleVdiyPdHhURmFmuRN4aU5g,33.521483,35.6026294
عين موفق,بعبدا,ChIJ-yBr_187HxURbgQDIv9KV0k,33.82155729999999,35.6524717
عين وزين,الشوف,ChIJn5UHR-wgHxUR0JN0CbSx6ic,33.6752855,35.6219521
عين يعقوب,عكار,ChIJDxRfuqI5IhURtk3n-be-4rI,34.519288700000004,36.198830900000004
عيناب,عاليه,ChIJD4Z9-LYYHxUR5PeIPAqqVOU,33.7663687,35.546662700000006
عيناتا,بعلبك,ChIJB4D-WRIGIhURgHMmV67lsls,34.186543900000004,36.0808681
عينبال,الشوف,ChIJYWODD23gHhURZpVZzE9v2WE,33.6618015,35.5623652
عينطورة,المتن,ChIJrbYqcq83HxURTEv3bHeLBk4,33.885703799999995,35.7744671
عينطوره,كسروان,ChIJHW26M1o_HxUR-rmZ3wFpPgc,33.9579891,35.6355268
عينطورين,زغرتا,ChIJFya5tPkCIhURKkfcqPwN9V0,34.288205,35.9465255
عيون الغزلان,عكار,ChIJiQa8oBUiIhUR-BSscmxEDCw,34.4728902,36.0213041
غادير,كسروان,ChIJ7wzUhrxAHxUR6llvJTDCneQ,33.9794609,35.6376806
غباله,كسروان,ChIJu2zOz3VFHxURLlPP7nXBS1Y,34.0534017,35.7235765
غدراس,كسروان,ChIJjWZu4D5EHxUR6uKGWXjHsBI,34.0442744,35.6791912
غرزوز,جبيل,ChIJ9QWOJ-RbHxURSLk7CJ4G8eI,34.1838105,35.6688964
غرفين,جبيل,ChIJRyD6K5tbHxURDsxigxW84LE,34.1524562,35.665474200000006
غريفة,الشوف,ChIJV9--i4jgHhURjE-9gWjMPdQ,33.63731569999999,35.553719799999996
غزه,البقاع الغربي,ChIJ2S28JwAsHxURDuZtQLCREoQ,33.6679132,35.8280929
غزير المعاملتين,كسروان,ChIJY4tG4i5BHxURyM6uF5sHj60,34.006229499999996,35.645201899999996
غلبون,جبيل,ChIJRWBr-ylaHxURBs5u5_MS0-c,34.174499600000004,35.7030374
غوسطا,كسروان,ChIJlYmHDB9HHxURoKB8lx86v1U,33.9918137,35.672748799999994
غوما,البترون,ChIJCwlz2qNYHxURmHIDmp8reck,34.249832,35.6642904
فاريا,كسروان,ChIJv-1t74NOHxUR9LTnkBoBL14,34.0122649,35.8236693
فالوغا,بعبدا,ChIJ6REzZqcwHxURpG06ke5LSiY,33.8377387,35.7413136
فتري,جبيل,ChIJ3-A9RDBFHxUREj95kl3iEZA,34.0868348,35.7096929
فتقا,كسروان,ChIJWym3Px1EHxURfiCNSXkoefQ,34.0332598,35.665476399999996
فدار,جبيل,ChIJS_IkPl9DHxURrt8niZ0Usv8,34.0985261,35.65168980000001
فرات,جبيل,ChIJo9xbA8pRHxURHjc5aE5i_FE,34.0871576,35.7894931
فرحت,جبيل,ChIJl9uTCWpQHxURxsQJ-Pstnrw,34.1007655,35.7624193
فرون,بنت جبيل,ChIJDQi6K6-RHhURGIMwl-9Ge2c,33.2967868,35.4286469
فريديس,عكار,ChIJEY_hEng2IhURSCAUl4N34M8,34.6147321,36.2292852
فغال,جبيل,ChIJy1ApPkhZHxURKuY6eZK1620,34.2078799,35.6771131
فلاوي,بعلبك,ChIJ4SwPj_aoGBUReznxyL6auhw,34.090416,36.0613594
فنيدق,عكار,ChIJf8j3uaw-IhURitAhrOzp1WI,34.4766476,36.182713299999996
فيطرون,كسروان,ChIJ8TgljR5GHxURAITZl2iqSIc,33.992194700000006,35.73740720000001
فيع,الكوره,ChIJ8_GZBlf6IRURxEo_Bka_W_U,34.3482274,35.7873846
قاع الريم,زحلة,ChIJBd6C2IFKHxURpCzK6AYXDBc,33.884118799999996,35.8752279
قاقعية الجسر,النبطية,ChIJFQyZ5oWRHhURYnGOK4QqzzM,33.3245537,35.424456799999994
قاقعية الصنوبر,صيدا,ChIJSS1nudWMHhURVOm_zI-5xNQ,33.4309365,35.3448167
قانا,صور,ChIJUSi81VWBHhURdkQeDHt3oZU,33.2083135,35.3002132
قبة شمرا,عكار,ChIJJ0IY9AMkIhURllPFHZ5pZFQ,34.54269,36.0075031
قبريخا,مرجعيون,ChIJxwC-LbqQHhURYJ7QhOs9LFY,33.252375,35.4647334
قبعيت,عكار,ChIJEQ2pLjY9IhUR_iEFIcbzA_U,34.448904399999996,36.0971411
قبولا,عكار,ChIJb6CRgow5IhURTN3nKcJ2asE,34.533539700000006,36.1817487
قبيع,بعبدا,ChIJN_c1_B07HxURyJyGa-RD6Dc,33.8124408,35.6965729
قتاله,بعبدا,ChIJMVYbHm07HxURtMf8ZOTzB9g,33.82239570000001,35.6734816
قرحا,بعلبك,ChIJL89yjXAMIhURlI-oBtown1A,34.16655739999999,36.207608799999996
قرحيا,المنية,ChIJLz5Idq8iIhURnKujU-zGBD0,34.442482700000006,36.079355
قرصيتا,المنية,ChIJwQ_RX7wZIhURSL1OO9wmFhc,34.387696399999996,36.059580100000005
قرطاضه,بعبدا,ChIJW77kJVs8HxURIGnAzuyqySM,33.860205799999996,35.623585399999996
قرقريا,جبيل,ChIJTS_uDPJRHxURzF0Xd-nkQ00,34.074569,35.8175433
قرنايل,بعبدا,ChIJeeC6_fU5HxUR6HFciduHq54,33.8570828,35.7241895
قرنة الحمرا,المتن,ChIJvURu5TA_HxURqhqIcSNAiTs,33.93550220000001,35.649388099999996
قرنة شهوان,المتن,ChIJqSCUQug-HxURgkaIvBwBQ7A,33.9180056,35.6428262
قره باش,زغرتا,ChIJZfbGabX3IRUR1IspTDtUV5Q,34.3858794,35.894501899999995
قشلق,عكار,ChIJ8X3UrT0xIhURuoSOMBU0tS0,34.6142162,36.15693600000001
قصرنبا,بعلبك,ChIJ7-hHKx60GBUR1viTRbagv9s,33.9023278,36.0020629
قلاويه,بنت جبيل,ChIJhS3c23WQHhURtkoUf-RvGJ8,33.255204600000006,35.4175506
قلحات,الكوره,ChIJ0RvHVfT6IRUR-NSu74Y6QU0,34.3594388,35.7813609
قلعه,بعلبك,ChIJ-W3XYfcFIhURUoa9jyOx_DA,34.210987100000004,36.085471999999996
قلعه غربي,بعلبك,ChIJ-W3XYfcFIhURUoa9jyOx_DA,34.210987100000004,36.085471999999996
قلود الباقية,عكار,ChIJwWWjtBMjIhUR9Il1jzvTiIE,34.496623299999996,36.0595051
قنابة برمانا,المتن,ChIJVSF8gII-HxURQueOV2Pi698,33.8939258,35.616407099999996
قنابة صليما,المتن,ChIJRal1D6M5HxUR6jJR3Ft9ktQ,33.8853398,35.6922305
قنات,بشري,ChIJueS957r4IRUR8HHQk6NSXpw,34.250651500000004,36.011732200000004
قناريت,صيدا,ChIJ6a9pUInxHhUROr8JPy4s6H4,33.5108828,35.3648399
قنافذ,الهرمل,ChIJK0ibr75PIhURFhyVnPSE3PM,34.499970000000005,36.409909999999996
قنية,عكار,ChIJddZr8xRMIhURzNlzvs0kZt4,34.585210499999995,36.36751029999999
قهمز,جبيل,ChIJP5x3FR5OHxUR0GgPwv0XTRA,34.06582589999999,35.8032384
قوسايا,زحلة,ChIJB8pnI7PJGBURtIK2IxQd-DQ,33.8128453,36.0251138
قيتولي,جزين,ChIJwT2c1efnHhURqDHHAcnGgXs,33.5378738,35.5518141
كامد اللوز,البقاع الغربي,ChIJmcpRCIYpHxURRF0_x2HfQRk,33.6199656,35.8226749
كترمايا,الشوف,ChIJGSfWkmrkHhURvMCqkq1B79s,33.616769899999994,35.44850770000001
كرخا,جزين,ChIJ9fH4To_lHhURKndmeZOxjY8,33.5632853,35.4461836
كرم المهر,المنية,ChIJr1knUmkcIhURyPdx-_Essog,34.365156899999995,35.9856564
كرم زبدين,عكار,ChIJN37o2IRMIhURSKt_tSoUh7s,34.6186193,36.35780889999999
كرم عصفور,عكار,ChIJp1w9G5kkIhURkj0ZbqUBPWs,34.5239296,36.063517299999994
كرمسده,زغرتا,ChIJSb7yyl_4IRUR9Pbw-wyOLq4,34.3076366,35.89214129999999
كروم عرب,عكار,ChIJ0a37atI6IhURVKKXUT_rIZg,34.5549061,36.093277
كفتون,الكوره,ChIJOX8oox79IRUR1FnSagXs-WA,34.2659791,35.7673421
كفر الفتوح,عكار,ChIJA-5AWwhBWBQRLGpllAS8PgQ,30.0814225,31.20346129999999
كفر حمام,حاصبيا,ChIJp_3-GGvHHhURrGmlzCUTzi0,33.3431879,35.6783777
كفر رمان,النبطية,ChIJGRFBF0vrHhURGodfWzxyM3Q,33.3861762,35.4966059
كفر شلال,صيدا,ChIJTTK-3LfuHhURpBJhpOn4ipY,33.4919026,35.468776899999995
كفرا,بنت جبيل,ChIJz5lWWguDHhURxjeUAu8bkoE,33.1760412,35.3516124
كفربيت,صيدا,ChIJV9YhycDuHhURsGFGt3lxuo0,33.495723100000006,35.4612573
كفرتبنيت,النبطية,ChIJ70UrtOWUHhURNp05Z78dAvE,33.3532977,35.513464299999995
كفرحاتا,زغرتا,ChIJZVsHdjP2IRUR7KxlSx4VEmM,34.3825336,35.8998819
كفرحبو,المنية,ChIJH366WokeIhURYnS6JSz-Uhc,34.414471500000005,35.9594517
كفرحتنا,البترون,ChIJYz-JxPtXHxURvtJGOiJfScs,34.2308,35.7469909
كفرحتي,صيدا,ChIJC_l0C2TuHhURovtHPi2m3tU,33.4989835,35.428613
كفرحره,عكار,ChIJI4D0z8NGWBQRuR3KIV2ry2o,30.025068800000003,31.2004485
كفرحزير,الكوره,ChIJdfDXL337IRUR4pJnoMAwfjI,34.308132,35.7739917
كفرحلدا,البترون,ChIJrbSFpnX-IRURBBFnsCZwSJc,34.2276204,35.8401152
كفرحورا,زغرتا,ChIJQ_mxRgr3IRURCcb6VaBleuU,34.374267100000004,35.86988789999999
كفرحونة,جزين,ChIJaUvhN8DCHhURfB82Tpe5Vpo,33.4923967,35.5897893
كفرحيم,الشوف,ChIJ3W8vIdXhHhURgk7L99IfY5g,33.687598799999996,35.5209349
كفردان,بعلبك,ChIJM0ZPVq2vGBURmNTbunJe_Ls,34.0112123,36.0463157
كفردلاقوس,زغرتا,ChIJPRCLaCP2IRURUpKChnkSqVo,34.3933023,35.90585720000001
كفردنيس,راشيَا,ChIJTQvChbzVHhUR5ib1tVhIMZo,33.554225,35.858385
كفردونين,بنت جبيل,ChIJc3d94cmaHhURxn2n4eUPyaI,33.2404501,35.3970189
كفرذبيان,كسروان,ChIJke1gj8BIHxURHve2h1-aKek,33.982708200000005,35.763219799999995
كفرزبد,زحلة,ChIJow1SfOfLGBUR7OJY2vxvy-w,33.785574100000005,35.9946294
كفرزينا,زغرتا,ChIJU9KBgaL3IRUR5hfnQcT-y4M,34.367603499999994,35.8801185
كفرسلوان,بعبدا,ChIJEQINjB83HxURtolbWDsS4Ak,33.85697570000001,35.7827248
كفرشخنا,زغرتا,ChIJV09IjXD3IRURVPAbrybZTpE,34.3643742,35.864040100000004
كفرشوبا,حاصبيا,ChIJN-CwnHnHHhUR6peKURV4tuc,33.3279942,35.6922506
كفرشيما,بعبدا,ChIJxfzQg0YYHxURajT2CX-BVqs,33.8168657,35.5360583
كفرصارون,الكوره,ChIJWZNb-D_5IRURFvNsJ07LXw8,34.2997049,35.849918200000005
كفرصغاب,زغرتا,ChIJk4Wxs6sDIhURXO66LvJtCQI,34.2790295,35.9623729
كفرصير,النبطية,ChIJ4StOm-WRHhURLh1UobmPIAs,33.3249805,35.4007545
كفرعبيدا,البترون,ChIJCwlz2qNYHxURmHIDmp8reck,34.249832,35.6642904
كفرعقا,الكوره,ChIJXx1FtkT5IRUR7Dc1DbYPwQQ,34.29778650000001,35.8393605
كفرعقاب,المتن,ChIJY25PWglIHxURSjYFuICblXA,33.945456899999996,35.7458794
كفرعميه,عاليه,ChIJ77nizEYiHxURK-FL3QGa9lw,33.7668581,35.5932881
كفرفاقود,الشوف,ChIJE7Q7DMYfHxURBoShKDduezo,33.700609,35.53403370000001
كفرفالوس,جزين,ChIJndhDglTvHhURigrZkG6Bjlw,33.5434037,35.4759032
كفرفو,زغرتا,ChIJkcCWS1D4IRURhoPH5zdvHks,34.3176467,35.880018
كفرفيلا,النبطية,ChIJ-Y1kGBXpHhURmmGaoALrv38,33.482076,35.5022989
كفرقاهل,الكوره,ChIJWZNb-D_5IRURFvNsJ07LXw8,34.2997049,35.849918200000005
كفرقوق,راشيَا,ChIJdUE4Ux_VHhURlpD3XnRR1co,33.5323686,35.892981799999994
كفركده,جبيل,ChIJuWHAW01ZHxURanGhCJIGloU,34.201252600000004,35.65421389999999
كفركلا,مرجعيون,ChIJm_qDig-WHhURcrzg1R7SwLc,33.2787481,35.554823
كفرمتى,عاليه,ChIJy4ztCqofHxURSu1RIOa53XU,33.72709940000001,35.5262336
كفرمشكي,راشيَا,ChIJO2YbxMbQHhURZkZGq_qa42Y,33.5168415,35.7662528
كفرملكي,صيدا,ChIJ_wuiaCzpHhURxKFiWwYNmK4,33.5015068,35.480045700000005
كفرنبرخ,الشوف,ChIJ1wsAZx8hHxUR-u9k1pS7Cxg,33.6961317,35.6309072
كفرنيس,الشوف,ChIJ2cLH9u8jHxURJE-TfQTI0dI,33.7381995,35.6414191
كفريا,زغرتا,ChIJLaJJPQ8fIhURJtiyrkc_g-8,34.4469133,35.9604713
كفرياسين,كسروان,ChIJX7k3rUFBHxURiHY-UuqfViM,34.025546999999996,35.6335613
كفرياشيت,زغرتا,ChIJpTT1Xon3IRURpvsJ7-8AM-k,34.349329,35.8877088
كفور العربي,البترون,ChIJt8FBfk7-IRURbmxTbfJzK_U,34.2246575,35.8659118
كفون,جبيل,ChIJ06Bm0jdaHxUR2Mh5kwwJtzI,34.155219200000005,35.7053881
كفيفان,البترون,ChIJbw0w3nJVHxUR4wX_1Id_cvc,34.249832,35.6642904
كليليه,الشوف,ChIJXVdR_PTkHhURAA9rJTl0k_Y,33.6195088,35.4314264
كهف الملول,المنية,ChIJ8T9BPRkdIhUR0A2vZn1XdZE,34.3483231,35.9554845
كوبا,البترون,ChIJuXLEpwXiIRURTPMUVkcV8B8,34.2728548,35.66214420000001
كوثرية السياد,صيدا,ChIJs06KMFGNHhURSJ0IlXirDQE,33.4148284,35.3844064
كور,البترون,ChIJbw0w3nJVHxUR4wX_1Id_cvc,34.249832,35.6642904
كوسبا,الكوره,ChIJWZNb-D_5IRURFvNsJ07LXw8,34.2997049,35.849918200000005
كوشا,عكار,ChIJo-6fvMc6IhURdCFr_g-xY4Q,34.5610979,36.1021605
كوكبا,حاصبيا,ChIJL_URIkrBHhURdl2F8OH9RMU,33.3925848,35.6459666
كونين,بنت جبيل,ChIJlZFmnGCcHhURePsNB7uqoQA,33.1489311,35.4379859
كيفون,عاليه,ChIJ7bTTkJsYHxUR6j6rceY6zcY,33.7814378,35.559303299999996
لاسا,جبيل,ChIJU_hHKVBSHxURKvBGdW2zwvI,34.0755094,35.8610075
لالا,البقاع الغربي,ChIJoaxgIOjXHhUROL5QePSBfk4,33.598873,35.7624401
لبايا,البقاع الغربي,ChIJW-r0ZrzaHhURuH_UtYwZAPA,33.4812688,35.726540899999996
لبعه,جزين,ChIJ3fXJ-2bvHhURFnQ5YqtfVw0,33.5487446,35.4530479
لحفد,جبيل,ChIJy2_8iiFXHxURQpE16DwQc0g,34.167526,35.7790493
لوسيا,البقاع الغربي,ChIJkUf_eXzDHhURiIn6aLTOl8I,33.4411424,35.6493756
مار الياس,زحلة,ChIJUTf_Dhc1HxURZ_Sx1iYyvls,33.852439700000005,35.893853799999995
مار انطونيوس,زحلة,ChIJY3JHrTw1HxURZ0XalEqen-4,33.8472749,35.898262
مار بطرس كرم التين,المتن,ChIJf7i6oZI4HxUR7KHgWhPQmro,33.930343799999996,35.68278
مار توما,عكار,ChIJtXu1lJUjIhURGiZodEX5Zzs,34.5115989,36.0281571
مار ماما,البترون,ChIJBTlyJ3JXHxUR2uEVbrY3U14,34.187541499999995,35.7571342
مار مخايل,زحلة,ChIJOQj60zo1HxUR7pUtQRq4-mQ,33.8462304,35.9019775
مار مخايل بنابيل,المتن,ChIJoyBrL443HxURPsiflwnRkRM,33.9017717,35.7379291
مار موسى الدوار,المتن,ChIJC-EJ_Ro5HxURmswcY5TzpmU,33.9016335,35.6838534
مار نقولا,صيدا,ChIJdfQ0pxXwHhURtQl3C1tnVcM,33.5644011,35.3714111
مارون,بنت جبيل,ChIJS8kFYaidHhURgmLgeJhGR_k,33.120548,35.4335263
ماسا,زحلة,ChIJL_egw7e3GBURjkC9WFOF-9g,33.850595,36.0675343
متريت,الكوره,ChIJqZDf2Zb-IRURlGxYAV0xOtk,34.259904,35.84187670000001
مجد المعوش,الشوف,ChIJ4Vc4snohHxUROtO3C77GI-w,33.7243323,35.6231354
مجد لسلم,مرجعيون,ChIJV8S44RaaHhURqGgTQaXQkow,33.2217027,35.4644885
مجدل بلهيص,راشيَا,ChIJNwwELKjQHhURURFOkfO3Kqs,33.531364,35.741054999999996
مجدل ترشيش,المتن,ChIJt20RqD42HxUR4DHfS4-Utls,33.8941661,35.801348
مجدل عنجر,زحلة,ChIJo2XVPq7SGBURjIOgmDFOnMU,33.712321,35.9182159
مجدلا,عكار,ChIJjylTj68jIhURelSwIfekBAk,34.49767429999999,36.0369739
مجدلبعنا,عاليه,ChIJBxKpy70kHxURROEibgG9dpU,33.7799956,35.6685126
مجدلزون,صور,ChIJeQdVmKUqHBURMDJyfr6YGuc,33.1512216,35.227049
مجدلون,بعلبك,ChIJJZQQkP-kGBURioV_lqVUMZk,33.9902626,36.1347929
مجدليا,عاليه,ChIJp5sAcwQiHxURiDzU02TWYtE,33.75620120000001,35.5727945
مجدليون,صيدا,ChIJV1lA6vLvHhURWq5yORaySvo,33.561156,35.4109699
مجيدية,حاصبيا,ChIJo5qVHye5HhURbBUsFYbYKxQ,33.287108399999994,35.6669479
مجيدية والماري,حاصبيا,ChIJo5qVHye5HhURbBUsFYbYKxQ,33.287108399999994,35.6669479
محرونه,صور,ChIJP4U6n2CEHhURzgglyTTd5VE,33.2187615,35.34263060000001
محطة بحمدون,عاليه,ChIJPc-IvlA7HxURgBIygAtaCFg,33.808859600000005,35.65992670000001
محمرش,البترون,ChIJ3-eZUKRXHxURtqDqvPj8rKE,34.198159999999994,35.7700688
محيبيب,مرجعيون,ChIJh0KdLjeZHhUR6vvz0kEv8YY,33.1541834,35.505230100000006
مراح الحاج,البترون,ChIJ7UKRn8lXHxUR2o_aT9wc6sQ,34.210485999999996,35.7775917
مراح الحباس,جزين,ChIJHSZpP1nvHhURqhAKLl-vJxY,33.5488571,35.462889700000005
مراح الخوخ,عكار,ChIJsVmq-gtMIhURmp8CXnvPjEw,34.5874991,36.3545609
مراح الزيات,البترون,ChIJKfL_8VNYHxURLuSKrqXqbCk,34.217610799999996,35.7031396
مراح العين,الهرمل,ChIJ-xoXr2VGIhURzPDZdlt8GDc,34.471151500000005,36.3358283
مراح شديد,البترون,ChIJbw0w3nJVHxUR4wX_1Id_cvc,34.249832,35.6642904
مرج الزهور,حاصبيا,ChIJ1ZIJvQbQHhUR2km_Fl8LAPs,33.465410399999996,35.7453001
مرج برجا,الشوف,ChIJPRo3C-vjHhUR5nWoarm167c,33.648028000000004,35.4587766
مرجبا,المتن,ChIJRbJAqfo3HxURBlCjtQ3gDgM,33.9160656,35.7511835
مرستي,الشوف,ChIJ03H3EzHfHhURst3UVnrNR0Y,33.6225712,35.646156899999994
مركبا,مرجعيون,ChIJC3wMKneXHhURlopebc-bKeI,33.2334165,35.5167951
مركبتا,الضنية,ChIJoQAngwwfIhURIjdAE1Vp5P8,34.45313970000001,35.964401200000005
مروحين,صور,ChIJd_qRVEkqHBURXKSDmXFXMOc,33.108292600000006,35.275397399999996
مرياطه,زغرتا,ChIJlZ7cXhIeIhURjD8IX4ubxkk,34.418189700000006,35.9315086
مزبود,الشوف,ChIJ80HUzqDmHhURRGQNh4m12j0,33.610043299999994,35.479919200000005
مزرعة التفاح,زغرتا,ChIJdXuk8dICIhURJpK2GxGnfHQ,34.322691600000006,35.949697
مزرعة السياد,جبيل,ChIJnZlZ_I5THxUR2hF1BgEMVWA,34.10555120000001,35.862120700000006
مزرعة السيد,بعلبك,ChIJJRSxz3OoGBURzIDT6O7OZqI,34.1016229,36.0817241
مزرعة الشوف,الشوف,ChIJKd-PdcffHhURCmUQTo2y30k,33.641405000000006,35.5865223
مزرعة الضهر,الشوف,ChIJN8py893mHhURTN-ChcZ0RHg,33.5943493,35.5152919
مزرعة النهر,عاليه,ChIJAdDm6I0jHxURusxwLU2f8Wk,33.750955499999996,35.6406804
مزرعة بلدة,عكار,ChIJb6ex5nA6IhURXh_BmyElLME,34.562096000000004,36.1437627
مزرعة بنابيل,المتن,ChIJoyBrL443HxURPsiflwnRkRM,33.9017717,35.7379291
مزرعة بني صعب,بشري,ChIJ6y4NRhb_IRUR8lPnddqBoFI,34.2478141,35.8860039
مزرعة بيت الطشم,الهرمل,ChIJg98f8B9bIhUR3lJExk7fy9A,34.420494,36.4587536
مزرعة حريقص,زغرتا,ChIJGRS3Ws4fIhURSORfuvOrwTU,34.4545076,35.928180700000006
مزرعة عساف,بشري,ChIJ62EOlB7_IRURmEojFtkG2us,34.248986,35.875393100000004
مزرعة مشرف,صور,ChIJ0bU_j3CEHhURClHmcEnZmBI,33.2088841,35.3348706
مزرعة يشوع,المتن,ChIJ8Yr44SM_HxURyEq1KinEE00,33.929879,35.635856200000006
مزمورة,الشوف,ChIJ4y_XNujmHhURGsEI1Ds6HD0,33.595152899999995,35.508808
مزياره,زغرتا,ChIJubeHm0sdIhURKAHKMC1lU34,34.3331857,35.9324366
مشان,جبيل,ChIJH5krlf1PHxURukkhVp4DyW4,34.08466129999999,35.75676869999999
مشتى حسن,عكار,ChIJ7eQ_OgpLIhURQC-zf_NGIIE,34.6232969,36.3236532
مشتى حمود,عكار,ChIJLdiYwRJLIhUR8hc-eWh_HeM,34.6314948,36.3269284
مشحة,عكار,ChIJJxvvp-A6IhURTja-tWCZHDo,34.5408545,36.1158919
مشغره التحتا,البقاع الغربي,ChIJ3w_3BIDbHhURH2auI-cJAQY,33.529167699999995,35.6538105
مشغره الفوقا,البقاع الغربي,ChIJ3w_3BIDbHhURH2auI-cJAQY,33.529167699999995,35.6538105
مشمش,عكار,ChIJ_XjZUAM8IhURejIhenoRSts,34.4720432,36.1712248
مشموشة,جزين,ChIJh29WXPTdHhURegFFrTndUaQ,33.5789532,35.5696941
مشيخا,المتن,ChIJDeGntXg3HxURFGxaUUw_KyM,33.8871401,35.7463226
معاد,جبيل,ChIJW9brfW5ZHxURVPRPYQPEWfI,34.1956282,35.6834134
معاصر الشوف,الشوف,ChIJ5WY9iDwnHxURmjjVTZXHKnA,33.6673735,35.6704505
معاصر بيت الدين,الشوف,ChIJ8wVCvE0gHxURSJxD3SaCfIM,33.700576899999994,35.59698710000001
معراب,كسروان,ChIJY3q41OhGHxURsllVhNaMrTc,33.9999234,35.6805576
معربون,بعلبك,ChIJ7R2YeaK-GBURtDvZwxqj5Dg,33.850403,36.188906
معركة,صور,ChIJ_-0bL--FHhURQgfwDWKcc7w,33.272672,35.3089882
معروب,صور,ChIJESNCsIKPHhURwMMEcTDpjU8,33.2857174,35.3474204
معصريتي,عاليه,ChIJXw2fBOsjHxURJoB9aXAtbWg,33.7480695,35.6345076
معلقة,زحلة,ChIJf0I3UszKGBURZgR_p5Mmh4U,33.8417292,35.9244797
مغدوشة,صيدا,ChIJh-onPNzxHhURij3GAGLdzCU,33.52304120000001,35.3839979
مقراق,بعلبك,ChIJLcvbVkJyIhURejxOTeRWaYA,34.177172399999996,36.3213879
مكسة,زحلة,ChIJZT4sReMzHxURtAYzIdBD-sE,33.81001320000001,35.8327506
مليخ,جزين,ChIJ97PzQdvpHhURlNT6-xRmCLk,33.4689592,35.5561393
ممنع,عكار,ChIJYYWGAWE5IhURqO7c6sKSaYQ,34.5002744,36.1792969
منجز,عكار,ChIJlSn5t-Y1IhUR8gUhFdR6tZU,34.61533120000001,36.24547929999999
منيارة,عكار,ChIJH2WgDpEkIhURJMyiebtYcrc,34.53210440000001,36.059855299999995
ميدون,البقاع الغربي,ChIJB3LkNG_DHhURDhxrt8viNww,33.4693895,35.6407912
ميروبا,كسروان,ChIJjeu67DtPHxUR4nD0ChFAxbE,34.01101999999999,35.7692977
ميس الجبل جنوبي,مرجعيون,ChIJbcHEaB2ZHhURlrYOdz67aqY,33.169163399999995,35.521193100000005
ميس الجبل شرقي,مرجعيون,ChIJbcHEaB2ZHhURlrYOdz67aqY,33.169163399999995,35.521193100000005
ميس الجبل شمالي,مرجعيون,ChIJbcHEaB2ZHhURlrYOdz67aqY,33.169163399999995,35.521193100000005
ميس الجبل غربي,مرجعيون,ChIJbcHEaB2ZHhURlrYOdz67aqY,33.169163399999995,35.521193100000005
ميفدون,النبطية,ChIJ20pt6YCTHhURyvqYzOMwVyE,33.3486314,35.4763955
ميفوق,جبيل,ChIJC2p3DgRXHxURGoGVH_jeLSk,34.1827615,35.778338500000004
ميمس,حاصبيا,ChIJv1FTPwfFHhUR2DbaPe4Qg5I,33.4197392,35.714479499999996
ميناء الحصن,بيروت,ChIJ0f6iCN0WHxURmIn5uMY_F7M,33.9001818,35.498079100000005
نابيه,المتن,ChIJ4wCOtJo-HxURvDHkqHkBlng,33.899849100000004,35.6206129
نبحا,بعلبك,ChIJ9yswEPoMIhUR1FGOucNXKUA,34.1832504,36.2259264
نبحا الحرفوش,بعلبك,ChIJY0TJQjwNIhUR7MyuB7oITwk,34.198361600000005,36.2453544
نبحا قليله,بعلبك,ChIJZY-s_gQNIhURBlEwHjRHXkQ,34.198474499999996,36.22813970000001
نحله,بعلبك,ChIJOyzLFN51IhURtl7QX_Zcf9E,34.0421557,36.260895399999995
نمرين,الضنية,ChIJNUwHGJ8ZIhUReH2QTHfwTVY,34.3855473,36.049919200000005
نهر ابراهيم,جبيل,ChIJKdKGOYZDHxUR3oM3YXQtMkc,34.0662744,35.6455482
نهر الذهب,كسروان,ChIJvw05WIBPHxUReKKJPq9Fg7U,34.0474059,35.7426652
نيحا,الشوف,ChIJO-ulEZPeHhURXr_o9FWhE8U,33.5954973,35.6241194
هابيل,جبيل,ChIJtRvTwwlaHxURZKrDPijreU4,34.1494338,35.7396945
وادي التركمان,الهرمل,ChIJsZEglrlBIhURXvhuKrFEDZo,34.3764387,36.3190912
وادي الجاموس,عكار,ChIJI15fr80jIhURUg23rKPapIU,34.4984776,36.0152463
وادي الحور,عكار,ChIJaZTzeSIxIhURAGXuj3kcohc,34.609112100000004,36.1548544
وادي الدلم,زحلة,ChIJe4_IvQUxHxUR7pwQMvM6Y_U,33.8043686,35.7788971
وادي الدير,الشوف,ChIJbS3hQCbgHhUR2ndImGm7SKQ,33.6819566,35.534468200000006
وادي الست,الشوف,ChIJdRBWjGohHxUR1p2oiJsL0GU,33.7143708,35.630225700000004
وادي العرايش,زحلة,ChIJuct-Wmo1HxURNKUln1zhcLI,33.8621218,35.8913851
وادي الكرم,المتن,ChIJryUuFnJIHxURPn6MRxaD51Y,33.9493848,35.7502828
وادي النحله,الضنية,ChIJPZNrHkr0IRURl8K4gIdVBK4,34.4504661,35.866263599999996
وادي النيرة,الهرمل,ChIJhe1QpK5rIhURMI8q9_9WrdM,34.3118775,36.3127627
وادي بعنقودين,جزين,ChIJCe5c83TvHhURbrB2NnRPpeA,33.5462992,35.4409309
وادي جزين,جزين,ChIJ6eknZnbdHhURxs6Uf3E_M3Q,33.5507684,35.580201
وادي جيلو,صور,ChIJC-Unpi6EHhURWDSJLmvIPy0,33.244535600000006,35.308901
وادي خالد,عكار,ChIJucBfpulMIhUR1AwZYcD3Wvg,34.6176725,36.3768911
وادي دير دوريت,الشوف,ChIJbS3hQCbgHhUR2ndImGm7SKQ,33.6819566,35.534468200000006
وادي شحرور السفلى,بعبدا,ChIJj3QbBA4YHxURzFsAioyuXZM,33.8204321,35.5552365
وادي شحرور العليا,بعبدا,ChIJv0CrZKciHxURfrBUfXbqyDQ,33.817868100000005,35.56501910000001
وادي فعرة,بعلبك,ChIJLeJkTH9rIhURzJe4d_Is19E,34.285667100000005,36.3054921
وادي قنوبين,بشري,ChIJ9UaBDyQCIhURPtnSjV5K9A0,34.2549347,35.942969700000006
وجه الحجر,البترون,ChIJt34UfxXiIRUR6iOSmtu1vQ4,34.2819066,35.6725097
وطى الجوز,كسروان,ChIJSQ4_V2xPHxURjqHwcZHO56Y,34.0267752,35.7595261
وطى المروج,المتن,ChIJ0TFwVvU3HxURQEFNdiU1ZbM,33.909886,35.7408073
وطى حوب,البترون,ChIJHY26R-H_IRURsLcqjdLMlQw,34.1913852,35.897623100000004
يارون,بنت جبيل,ChIJe2AVB5onHBURaHAlFD1q-B0,33.0800529,35.423489700000005
يارين,صور,ChIJcTymuzwrHBURqF1vmVv1rtM,33.1064297,35.232203999999996
ياطر,بنت جبيل,ChIJr1DZFUaCHhUR6pTUt0Bzi6o,33.1537206,35.328902299999996
يانوح,صور,ChIJb5MJ7NeFHhURbI7A9PyKPoM,33.2602087,35.3038122
يحشوش,كسروان,ChIJ9WYgHl5FHxUR5MRGT2rOIIQ,34.066627600000004,35.7363461
يحفوفا,بعلبك,ChIJ1XMF9aC5GBUR2PsxozP0eeo,33.858147100000004,36.122693299999995
يحمر,البقاع الغربي,ChIJ4d99cEvbHhURwBvBiVJ7FSI,33.4861543,35.67038489999999
ينطا,راشيَا,ChIJ7cvBL-zUGBURHONR0f55F0I,33.603494,35.9445726
يونين جنوبي,بعلبك,ChIJzS6VwUd1IhURkNXNk_tRqTY,34.077572499999995,36.275022899999996
يونين شرقي,بعلبك,ChIJzS6VwUd1IhURkNXNk_tRqTY,34.077572499999995,36.275022899999996
يونين شمالي,بعلبك,ChIJzS6VwUd1IhURkNXNk_tRqTY,34.077572499999995,36.275022899999996
يونين غربي,بعلبك,ChIJzS6VwUd1IhURkNXNk_tRqTY,34.077572499999995,36.275022899999996
الجديدة ,مرجعيون,ChIJg9XW4HPAHhURNvg_zUCLMbo,33.3591165,35.5928298
الحويش,عكار,ChIJpYs9ip08IhURspZ6-pboRrY,34.499231200000004,36.1181542
الخرنوب,الضنية,ChIJS6lkyjsZIhURQpwOjZlas5o,34.4027039,36.0161528
الخريبه ,بعلبك,ChIJp1n5BeW7GBURNB7Jb4fimP4,33.8728415,36.163050399999996
الخضر ,بعلبك,ChIJD6_730W6GBUR8IvzC2-DlRI,33.903622600000006,36.1205594
الديشونية,المتن,ChIJJa0rGmY9HxUREhRLGLesoHc,33.85127670000001,35.5762029
السنديانة,عكار,ChIJrVstoDY2IhURMNYHagb1EoM,34.576387,36.2454971
الشويفات ,عاليه,ChIJ1_J8-6oZHxURqnsofCx2iM8,33.8095311,35.51981129999999
الشياح ,بعبدا,ChIJrfnqEGEXHxURDPyp5-uFmiw,33.86598370000001,35.517538200000004
الغبيري ,بعبدا,ChIJSV-4XWYXHxURAvK-Sq-HiJc,33.8597816,35.5028843
الم,المتن,ChIJhRGpDiUWHxURMGsUjcJEHuw,33.88437570000001,35.557208100000004
المطيلب,المتن,ChIJ6do7tfs-HxURiNmKVqugdCI,33.92415379999999,35.6164919
المقيطع,عكار,ChIJexAPyBokIhURvH3n8PQtlC4,34.5584836,35.9990909
النبي شيت ال,بعلبك,ChIJnWkdYo25GBUR3HPz4mdZGDQ,33.8723008,36.1127818
النبي شيت ,بعلبك,ChIJnWkdYo25GBUR3HPz4mdZGDQ,33.8723008,36.1127818
النوره,عكار,ChIJp07VNLA2IhURDgvRiSa71xg,34.6201638,36.184406700000004
انان,جزين,ChIJZT7231rmHhURJiXJ6aDHROE,33.5680875,35.50831779999999
برج البراجنة ,بعبدا,ChIJsYxDrsQZHxURaOsRiLFJ6Ig,33.8434708,35.498735100000005
بريتال ,بعلبك,ChIJWVsIxju7GBURXiOTeqs6KhM,33.934864399999995,36.1480826
تبنين ,بنت جبيل,ChIJhVUrCEGbHhUR4gqcUdCf6E8,33.193991499999996,35.409673100000006
حارة حريك ,بعبدا,ChIJSWNNEnwXHxURKJcuTQj_sa4,33.8520277,35.5153726
حاصبيا ,حاصبيا,ChIJZRTqxJzGHhURSN1ub3SXoeU,33.3979078,35.6851499
حور تعلا ,بعلبك,ChIJTWo0qAW7GBURQgbkQFoq8Kk,33.9182883,36.1414859
دورس ,بعلبك,ChIJsa-w7nakGBURGOQyS6IvJJQ,33.991083700000004,36.17256879999999
راشيا ,راشيَا,ChIJiRpmT_fTHhURzk5rfnKBjZg,33.5018825,35.8398218
زغرتا ,زغرتا,ChIJC_zEGRb2IRURv9FKk2hF3M4,34.396315799999996,35.895844399999994
سرعين الفوقا ,بعلبك,ChIJHVGEMeO5GBURMqzUCo4cgWY,33.878645,36.0928778
سن الفيل ,المتن,ChIJNVIex7QXHxURSi8RktEcP4Q,33.8779688,35.5399541
ش,الشوف,ChIJtWJgHSQXHxURNmwgjKZNCWM,33.8892488,35.493322
شعث ,بعلبك,ChIJ2fiVRW8LIhURzMn99QIUgKU,34.13996289999999,36.2352005
عين ابل ,بنت جبيل,ChIJUYU_VEWdHhURFFqk-xyOfeA,33.111568,35.4017195
كفر,الشوف,ChIJE7Q7DMYfHxURBoShKDduezo,33.700609,35.53403370000001
مشيلحة الحاكور,عكار,ChIJM0436oMkIhURFL5JmF4_GUQ,34.525215700000004,36.0526417
نبحا ,بعلبك,ChIJ9yswEPoMIhUR1FGOucNXKUA,34.1832504,36.2259264
