Balda,RegCasa
أجدعبرين,الكوره
أفقا,جبيل
ابل السقي,مرجعيون
ابلح,زحلة
ابو قمحة,حاصبيا
ابو ميزان,المتن
اجبع,زغرتا
اجدبرا,البترون
ادما الدفنه,كسروان
اده,البترون
ادونيس وسنور,جبيل
ارده,زغرتا
ارزون,صور
ارزي,صيدا
ارصون,بعبدا
اركي,صيدا
ارنون,النبطية
اسلوت,زغرتا
اصنون,زغرتا
اصيا,البترون
اغبه,كسروان
اغميد,عاليه
اكروم,عكار
الاشرفية,بيروت
الانصار,بعلبك
البابلية,صيدا
الباروك,الشوف
البازورية,صور
الباشورة,بيروت
البترون,البترون
البحصاص,الكوره
البحيره,زغرتا
البداوي,طرابلس
البرامية,صيدا
البرانية حي المسيحيين,بعلبك
البرباره,زحلة
البرج,عكار
البرجين,الشوف
البرغلية,صور
البساتين,عاليه
البستان,صور
البص قسم 1,صور
البص قسم 3,صور
البص قسم 5,صور
البطال,الشوف
البقيعة,عكار
البقيعه ومسرح,البترون
البنيه,عاليه
البوار,كسروان
البوشرية,المتن
البويضة,مرجعيون
البويضة الشمالية,الهرمل
البياض,صور
البيره,الشوف
البيساريه,صيدا
التبانة,طرابلس
التعزانيه,عاليه
التل,طرابلس
التليل,عكار
التوفيقيه,بعلبك
التويتة,زحلة
الجاهلية,الشوف
الجبانيه,بعلبك
الجبين,صور
الجديدة,المتن
الجديدة حي السراي,مرجعيون
الجديدة حي العيون,مرجعيون
الجديدة حي القلعة,مرجعيون
الجديدة حي المدارس,مرجعيون
الجرمق,جزين
الجليسة,جبيل
الجليلية,الشوف
الجميجمه,بنت جبيل
الجميلية,الشوف
الجوار,المتن
الجيه,الشوف
الحارة,صيدا
الحازمية,بعبدا
الحجة,صيدا
الحدادين,طرابلس
الحدث الشمالي,بعلبك
الحدث الغربي,بعلبك
الحدث قبلي,بعبدا
الحديد,طرابلس
الحرف,جزين
الحريقة,الهرمل
الحسانيه,جزين
الحصون,جبيل
الحصين,كسروان
الحلانية,بعلبك
الحلوسية,صور
الحمصيه,جزين
الحميرة,عكار
الحميري,صور
الحنيه,صور
الحوش,راشيَا
الحوشب,عكار
الحويش,عكار
الحيصا,عكار
الخاربة,جبيل
الخرايب,صيدا
الخرنوب,الضنية
الخريبة,الشوف
الخريبه,بعبدا
الخريبه حي الجامع,بعلبك
الخضر جنوبي,بعلبك
الخضر حي آل الاشعل,بعلبك
الخضر حي الشعب,بعلبك
الخضر شرقي,بعلبك
الخضر غربي,بعلبك
الخله,المتن
الخلوات,حاصبيا
الخنشارة,المتن
الخياره,البقاع الغربي
الخيام جنوبي,مرجعيون
الخيام شرقي,مرجعيون
الخيام شمالي,مرجعيون
الخيام غربي,مرجعيون
الدامور,الشوف
الدبابية,عكار
الدبيه,الشوف
الدغلة,عكار
الدكرمان,صيدا
الدكوانه,المتن
الدكوة,البقاع الغربي
الدلافه,حاصبيا
الدلهمية,زحلة
الدليبه,بعبدا
الدوار,المتن
الدوره,عكار
الدوسه,عكار
الدوق,البترون
الدوير,النبطية
الديشونية,المتن
الديمان,بشري
الرابية,المتن
الراسية التحتا,زحلة
الراسية الفوقا,زحلة
الرام,بعلبك
الرامه,عكار
الراموط,جبيل
الرجمة,عاليه
الرشيديه,صور
الرفيد,راشيَا
الرمادية,صور
الرمانة,طرابلس
الرملية,عاليه
الرميل,بيروت
الرميله,الشوف
الروضه,البقاع الغربي
الريحان,جزين
الريحانه,جبيل
الريحانية,عكار
الريش الغربي,بعلبك
الريش حي الشميس,بعلبك
الزرارية,صيدا
الزرازير,بعلبك
الزعرورية,الشوف
الزعيتره,كسروان
الزغرين,المتن
الزلقا,المتن
الزلوطيه,صور
الزهرية,طرابلس
الزواريب,عكار
الزويتيني,صيدا
السبيل,صيدا
السراي,صيدا
السريرة,جزين
السعيده,بعلبك
السفري,بعلبك
السفيرة,الضنية
السفيلة,المتن
السكسكية,صيدا
السلطان يعقوب التحتا,البقاع الغربي
السلطان يعقوب الفوقا,البقاع الغربي
السلطانيه,بنت جبيل
السماعية,صور
السماقية,عكار
السمقانية,الشوف
السمونيه,عكار
السنديانة,عكار
السهله,عكار
السويسة,الهرمل
السويقة,طرابلس
الشارع,صيدا
الشاويه والقنيطره,المتن
الشبانية,بعبدا
الشبرقية,البقاع الغربي
الشبريحا,صور
الشربين,الهرمل
الشرقية,النبطية
الشعيتية,صور
الشقدوف,عكار
الشهابيه,صور
الشواغير التحتا,الهرمل
الشواغير الفوقا,الهرمل
الشوير,المتن
الشويفات حي الامراء,عاليه
الشويفات حي العمروسية,عاليه
الشويفات حي القبة,عاليه
الشياح بئر العبد,بعبدا
الشياح حي الكنيسة,بعبدا
الشياح حي كرم الزيتون,بعبدا
الشيخ زناد,عكار
الشيخ طابا,عكار
الشيخ عياش,عكار
الشيخ محمد,عكار
الصالحية,صيدا
الصرفند,صيدا
الصفرا,كسروان
الصوانة,مرجعيون
الصوانية,بعلبك
الصويري,البقاع الغربي
الصيفي,بيروت
الضبيه,المتن
الطيبة,بعلبك
الطيري,بنت جبيل
الظهيرة,صور
العاقورة,جبيل
العاقورة - م,جبيل
العبادية,بعبدا
العبده,عكار
العبره وشوان,كسروان
العبودية,عكار
العدوسيه,صيدا
العذرا,كسروان
العربانية,بعبدا
العريضة,عكار
العزونيه,عاليه
العطشانة,المتن
العقبة,راشيَا
العقيبه,كسروان
العقيدية,بعلبك
العلاق,بعلبك
العلالي,البترون
العماير,عكار
العواده,عكار
العوينات,عكار
العيرون,المتن
العيشيه,جزين
العين,بعلبك
العيون,المتن
الغابات,جبيل
الغابة,المتن
الغابون,عاليه
الغازية,صيدا
الغباطية,جزين
الغبيري بئر حسن,بعبدا
الغبيري حي الجامع,بعبدا
الغزيله,عكار
الغسانيه,صيدا
الغندوريه,بنت جبيل
الغينه,كسروان
الفاكهه,بعلبك
الفاكهه مار جرجس,بعلبك
الفتاحات وهربونا,البترون
الفرديس,حاصبيا
الفرزل التحتا,زحلة
الفرزل الفوقا,زحلة
الفريديس,الشوف
الفريكه,المتن
الفنار,المتن
الفوارة,الشوف
الفيدار,جبيل
القادريه,زغرتا
القاع,بعلبك
القبة,طرابلس
القبيات,عكار
القبيات الذوق,عكار
القبيات الضهر,عكار
القبيات الغربية,عكار
القبيات القطلبه,عكار
القبيات غوايا,عكار
القبيات مرتموره,عكار
القدام,بعلبك
القرعون,البقاع الغربي
القرقف,عكار
القرنة,عكار
القرنية,الهرمل
القريات,عكار
القرية,صيدا
القرين,الضنية
القصر,الهرمل
القصيبة,بعبدا
القصير,مرجعيون
القطاره,جبيل
القطراني,جزين
القطين,الضنية
القعقور,المتن
القلعة,بعبدا
القلمون,طرابلس
القليعات,كسروان
القليعة,مرجعيون
القليلة,صور
القماطيه,عاليه
القمامين,الضنية
القناية,صيدا
القنطرة,مرجعيون
القنيطرة,صيدا
القوزح,بنت جبيل
الكحاله,عاليه
الكحلونية,بعبدا
الكحلونيه,الشوف
الكرك,زحلة
الكرمه,زحلة
الكشك,صيدا
الكفر,جبيل
الكفور,كسروان
الكفير,حاصبيا
الكنان,صيدا
الكنيسة,الشوف
الكنيسه,بعلبك
الكواخ,الهرمل
الكواشره,عكار
الكويخات,عكار
اللبوه,بعلبك
اللقلوق,جبيل
اللوبيه,صيدا
اللويزه,بعبدا
الليلكي,بعبدا
المالكيه,صور
المتين,المتن
المجادل,صور
المجدل,عكار
المجذوب و مزهر,المتن
المجيدل,جزين
المحاربيه,جزين
المحتقرة ودير المخلص,الشوف
المحمرة,عكار
المحيدثة,المتن
المختارة,الشوف
المدور,بيروت
المراديه,كسروان
المرج,البقاع الغربي
المرداشة,بعبدا
المرفأ,بيروت
المروانية,صيدا
المروج,المتن
المريجات,عاليه
المريجة,بعبدا
المزاريب,جبيل
المزرعة,بيروت
المسالخية,صيدا
المسعودية,عكار
المسقى,المتن
المشرع,المتن
المشرف,الشوف
المشرفه,عاليه
المصيطبة,بيروت
المطل,الضنية
المطلة,الشوف
المطيلب,المتن
المعاصر,الهرمل
المعلقة الشمالي,زحلة
المعمرية,صيدا
المعنيه,الشوف
المعيصرة,الهرمل
المعيصره,كسروان
المغروبلا,بشري
المغيري,جبيل
المغيرية,الشوف
المقيبلة,عكار
المقيطع,عكار
المكلس,المتن
المكنونية,جزين
المناره,البقاع الغربي
المنصف,جبيل
المنصورة,البقاع الغربي
المنصوري,صور
المنصورية,المتن
المنيه,المنية
المهاتره,طرابلس
المونسه,عكار
المياسة,المتن
المية ومية,صيدا
الميدان,جزين
الميدان الشرقي,زحلة
الميدان الغربي,زحلة
الميناء,طرابلس
الناصرية,زحلة
الناعمة,الشوف
الناقورة,صور
النبطية الفوقا,النبطية
النبي ايلا,زحلة
النبي رشاده,بعلبك
النبي سباط,بعلبك
النبي شيت الحي الجنوبي,بعلبك
النبي شيت الحي الشمالي,بعلبك
النبي شيت الحي العريض,بعلبك
النبي شيت حي الجامع,بعلبك
النبي شيت حي العقبه,بعلبك
النبي شيت شرقي,بعلبك
النبي شيت طبشار,بعلبك
النبي شيت غربي,بعلبك
النبي عثمان,بعلبك
النبي نعام,بعلبك
النبي يوشع,الضنية
النجارية,صيدا
النخلة,الكوره
النفاخية,صور
النفيسة,عكار
النقاش,المتن
النقره,بعلبك
النمورة و كفرجريف,كسروان
النميرية,النبطية
النهريه وبستان الحرش,عكار
النوره,عكار
النوري,طرابلس
الهبارية,حاصبيا
الهد,عكار
الهري,البترون
الهلالية,صيدا
الهيشه,عكار
الوردانية,الشوف
الورهانية,الشوف
الوزاني,مرجعيون
الوسطاني,صيدا
الوقف,زحلة
اليمونه,بعلبك
اميون شرقي,الكوره
اميون غربي,الكوره
انان,جزين
انصار,النبطية
انصارية,صيدا
انطلياس,المتن
انفه,الكوره
اهمج,جبيل
ايزال,الضنية
ايطو,زغرتا
ايعات,بعلبك
ايعال,زغرتا
ايلات,عكار
باب مارع,البقاع الغربي
باتر,الشوف
باتوليه,صور
باريش,صور
بافليه,صور
بان,بشري
ببنين,عكار
بتاتر,عاليه
بتبيات,بعبدا
بتخنيه,بعبدا
بتدعي,بعلبك
بتدين اللقش,جزين
بترومين,الكوره
بتعبورة,الكوره
بتغرين,المتن
بتلون,الشوف
بتوراتيج,الكوره
بتياس,زحلة
بجدرفل,البترون
بجه,جبيل
بحبوش,الكوره
بحديدات,جبيل
بحرصاف,المتن
بحمدون,عاليه
بحنين,الضنية
بحنين وكفرتعلا,جزين
بحواره,عاليه
بحويتا,الضنية
بخشتيه,عاليه
بخعاز,جبيل
بخعون,الضنية
بدادون,عاليه
بدبا,الكوره
بدبهون,الكوره
بدغان,عاليه
بدنايل,بعلبك
بدياس,صور
بر الياس,زحلة
برباره,عكار
برتي,صيدا
برج البراجنة حي السنديان,بعبدا
برج البراجنة حي السياد,بعبدا
برج البراجنة حي المنشية,بعبدا
برج الشمالي,صور
برج العرب,عكار
برج الملوك,مرجعيون
برج اليهودية,الضنية
برج حمود,المتن
برج رحال,صور
برج قلاويه,بنت جبيل
برجا,الشوف
برحليون,بشري
برسا,الكوره
برعشيت,بنت جبيل
برغز,حاصبيا
برغون,الكوره
برقا,بعلبك
برقايل,عكار
برمانا,المتن
بريتال اليونسية,بعلبك
بريتال حي التين,بعلبك
بريتال شرقي,بعلبك
بريتال شميس,بعلبك
بريتال شميس غربي,بعلبك
بريتال عين البنيه,بعلبك
بريتال عين الجوز,بعلبك
بريتال غربي,بعلبك
بريح,الشوف
بريسات,بشري
بريصا,الهرمل
بريقع,النبطية
بزال,عكار
بزبدين,بعبدا
بزبينا,عكار
بزحل,كسروان
بزعون,بشري
بزمار,كسروان
بزيزا,الكوره
بزيون,جبيل
بسابا,الشوف
بستيات,صور
بسري,جزين
بسرين,عاليه
بسكنتا جنوبي,المتن
بسكنتا شمالي,المتن
بسلوقيت,زغرتا
بسوس,عاليه
بشامون,عاليه
بشتفين,الشوف
بشتليدا وفدار,جبيل
بشتودار,البترون
بشعله,البترون
بشلي,جبيل
بشمزين,الكوره
بشنين,زغرتا
بشوات,بعلبك
بصاليم,المتن
بصرما,الكوره
بصليا,جزين
بطحا,كسروان
بطرام,الكوره
بطرماز,الضنية
بطشيه,بعبدا
بطلون,عاليه
بطمة,الشوف
بعاصير,الشوف
بعبدا,بعبدا
بعبدات,المتن
بعذران,الشوف
بعقلين التحتا,الشوف
بعقلين الفوقا,الشوف
بعلشميه,بعبدا
بعلول,البقاع الغربي
بعورته,عاليه
بفروه,النبطية
بقاعصفرين,الضنية
بقاعكفرا,بشري
بقرزلا,عكار
بقرصونا,الضنية
بقرقاشا,بشري
بقسطه,صيدا
بقسميا,البترون
بقعاتا,الشوف
بقعاتة عشقوت,كسروان
بقعاتة كنعان,كسروان
بقعتوته,كسروان
بقنايا,المتن
بكا,راشيَا
بكاسين,جزين
بكفتين,الكوره
بكفيا,المتن
بكفيا حي وادي شاهين,المتن
بكيفا,الشوف
بلاط,مرجعيون
بلوزا,بشري
بلونه,كسروان
بليبل,عاليه
بليدا,مرجعيون
بمريم,بعبدا
بمكين,عاليه
بمهريه,عاليه
بنتاعل,جبيل
بنشعي,زغرتا
بنعفول,صيدا
بنهران,الكوره
بنواتي,جزين
بنويتي,الشوف
بني حيان,مرجعيون
بني صخر,عكار
بو زريده,عاليه
بوارج,زحلة
بوداي,بعلبك
بوسيط,زغرتا
بياقوت,المتن
بيت الحاج,عكار
بيت الحوش,عكار
بيت الدين,الشوف
بيت الشعار,المتن
بيت الفقس,الضنية
بيت الككو,المتن
بيت ايوب,عكار
بيت حاويك,الضنية
بيت حباق,جبيل
بيت شاما,بعلبك
بيت شباب تحتاني,المتن
بيت شباب فوقاني,المتن
بيت شلالا,البترون
بيت صليبي,بعلبك
بيت عبيد,زغرتا
بيت عوكر,زغرتا
بيت غطاس,عكار
بيت لهيا,راشيَا
بيت ليف,بنت جبيل
بيت مري,المتن
بيت مشيك,بعلبك
بيت ملات,عكار
بيت مندر,بشري
بيت ياحون,بنت جبيل
بيت يونس,عكار
بيصور,عاليه
بيقون,الشوف
بينو,عكار
تاشع,عكار
تبنين الكاثوليك,بنت جبيل
تبنين حي آل بري,بنت جبيل
تبنين حي التحتاني,بنت جبيل
تبنين حي الفوقاني,بنت جبيل
تحوم,البترون
تحويطة الغدير,بعبدا
تحويطة النهر,بعبدا
تربل,زحلة
ترتج,جبيل
ترشيش,بعبدا
تعلبايا,زحلة
تعنايل,زحلة
تعيد,جزين
تفاحتا,صيدا
تكريت,عكار
تل الاخضر,زحلة
تل ذنوب,البقاع الغربي
تلبيبة,عكار
تلبيرة,عكار
تلة وشطاحه,عكار
تلحميرة,عكار
تلعباس شرقي,عكار
تلعباس غربي,عكار
تلمعيان,عكار
تمنين التحتا,بعلبك
تمنين الفوقا,بعلبك
تنوره,راشيَا
تنورين التحتا,البترون
تنورين الفوقا,البترون
تول,النبطية
تولا,البترون
تولا الجبه,زغرتا
تولين,مرجعيون
جاج,جبيل
جب جنين,البقاع الغربي
جباع,الشوف
جبال البطم,صور
جبرائيل,عكار
جبشيت,النبطية
جبعا,بعلبك
جبل المنصوره,عكار
جبلا,البترون
جبوله,بعلبك
جبيل,جبيل
جدايل,جبيل
جدرا - وادي الزينة,الشوف
جديتا,زحلة
جديدة القيطع,عكار
جديدة غزير,كسروان
جديده الشوف,الشوف
جران,البترون
جربتا,البترون
جرجوع,النبطية
جرمنايا,عكار
جرنايا,جزين
جزين,جزين
جسر القاضي,عاليه
جعيتا,كسروان
جل الديب,المتن
جلالا,زحلة
جناتا,صور
جنتا,بعلبك
جنجلايا,صيدا
جنسنايا,جزين
جنه ومار سركيس,جبيل
جوار الحشيش,الهرمل
جوار الحوز,بعبدا
جورة ارصون,بعبدا
جورة البلوط,المتن
جورة الترمس,كسروان
جورة بدران,كسروان
جون,الشوف
جويا,صور
حاجي جبلي,زحلة
حارة البطم,بعبدا
حارة الخاصة,الكوره
حارة الست,بعبدا
حارة الفوار,زغرتا
حارة الناعمة,الشوف
حارة بعاصير,الشوف
حارة جندل,الشوف
حارة حريك حي الرويس,بعبدا
حارة حريك حي الكنيسة,بعبدا
حارة حريك قرانوح,بعبدا
حارة حمزة,بعبدا
حارة صخر,كسروان
حاروف,النبطية
حاريص,بنت جبيل
حاصبيا,بعبدا
حاصبيا حي السراي,حاصبيا
حاصبيا حي العين,حاصبيا
حاصبيا حي الفوقاني,حاصبيا
حاصبيا حي صفيفة,حاصبيا
حاقل,جبيل
حالات,جبيل
حام,بعلبك
حامات,البترون
حانين,بنت جبيل
حبالين,جبيل
حبرمون,عاليه
حبشيت,عكار
حبوش,النبطية
حجولا,جبيل
حداثا,بنت جبيل
حدتون,البترون
حدث الجبة,بشري
حدشيت,بشري
حراجل,كسروان
حرار,عكار
حربتا,بعلبك
حردين,البترون
حرف ارده,زغرتا
حرف سياد,الضنية
حرف مزياره,زغرتا
حريصا,كسروان
حزرتا,زحلة
حزين,بعلبك
حصارات,جبيل
حصرايل,جبيل
حصروت,الشوف
حصرون,بشري
حقل العزيمة,الضنية
حكر الشيخ طابا,عكار
حكر الضاهري,عكار
حلبا,عكار
حلبتا,بعلبك
حلتا,البترون
حلوة,راشيَا
حمانا,بعبدا
حملايا,المتن
حميص,زغرتا
حنوية,صور
حنيدر,عكار
حواره,الضنية
حور تعلا,بعلبك
حور تعلا حي الشعب,بعلبك
حور تعلا حي الوادي,بعلبك
حوش الامراء,زحلة
حوش الحريمة,البقاع الغربي
حوش الذهب,بعلبك
حوش الرافقة,بعلبك
حوش الزراعنة,زحلة
حوش السيد علي,الهرمل
حوش الغنم,زحلة
حوش النبي,بعلبك
حوش بردى,بعلبك
حوش تل صفية,بعلبك
حوش حالا,زحلة
حوش سنيد,بعلبك
حولا,مرجعيون
حومال,عاليه
حومين التحتا,النبطية
حومين الفوقا,النبطية
حي الارثوذكس,صور
حي البركه,بنت جبيل
حي البياض,النبطية
حي الجامع,بنت جبيل
حي الجورة,صور
حي الحارة,الهرمل
حي الحسينية,صور
حي الحسينيه,بنت جبيل
حي الحوارة,بنت جبيل
حي الريش الشرقي,بعلبك
حي الست,بعلبك
حي السراي,النبطية
حي السلم,زحلة
حي السيدة,زحلة
حي السيده الغربي,زغرتا
حي الصلح,بعلبك
حي الصليب الجنوبي,زغرتا
حي الصليب الشمالي,زغرتا
حي العباسيه,بعلبك
حي الفياضية,بعبدا
حي الفيكاني,زحلة
حي الكاثوليك,صور
حي المسيحين,النبطية
حي المصاروي,صور
حي المعاصر,زغرتا
حي المقدمين,بشري
حي المنارة,صور
حي الموارنة,صور
حي الميدان,النبطية
حي الوقف,الهرمل
حي بديتا,الهرمل
حي عين الصغيره,بنت جبيل
حي مار سابا,بشري
حي مار يوحنا,بشري
حياطا,كسروان
حيتولي ووادي الليمون,جزين
حيزوق,عكار
حيطورة,جزين
حيلان,زغرتا
خربة بسري,الشوف
خربة داود,عكار
خربة روحا,راشيَا
خربة سلم,بنت جبيل
خربة شار,عكار
خربة قنافار,البقاع الغربي
خرطوم,صيدا
خريبة الجرد,عكار
خريبة الجندي,عكار
خزيز,صيدا
خضربك,زحلة
خط البترول,عكار
خلوات فالوغا,بعبدا
دار المريسة,بيروت
دار الواسعة,بعلبك
دار بعشتار,الكوره
دار شمزين,الكوره
داريا,الشوف
دارين,عكار
داعل,البترون
دبعال,صور
دبعل,الضنية
دبل,بنت جبيل
دبين,مرجعيون
دده,الكوره
درب السيم,صيدا
دردغيا,صور
درعون,كسروان
دريا,البترون
دفون,عاليه
دقون,عاليه
دلبتا,كسروان
دلهون,الشوف
دملصا,جبيل
دميت,الشوف
دورس الشحاديه,بعلبك
دورس حي البير,بعلبك
دورس حي السيدة,بعلبك
دوما,البترون
دوير الرمان,عاليه
دوير عدويه,عكار
دير الاحمر,بعلبك
دير الحرف,بعبدا
دير الزهراني,النبطية
دير العشاير,راشيَا
دير الغزال,زحلة
دير القمر,الشوف
دير انطار,بنت جبيل
دير بابا,الشوف
دير بلا,البترون
دير جنين,عكار
دير خونا وتلتيته,بعبدا
دير دلوم,عكار
دير دوريت,الشوف
دير سريان,مرجعيون
دير شمرا,المتن
دير عامص,صور
دير عمار,الضنية
دير قانون النهر,صور
دير قانون رأس العين,صور
دير قوبل,عاليه
دير كوشه,الشوف
دير كيفا,صور
دير ميماس,مرجعيون
دير نبوح,الضنية
ديك المحدي,المتن
ذوق الحبالصة,عكار
ذوق الحصنية,عكار
ذوق الخراب,المتن
ذوق المقشرين,عكار
ذوق حدارة,عكار
ذوق مصبح,كسروان
ذوق مكايل,كسروان
راس اسطا,جبيل
راس الحرف,بعبدا
راس المتن,بعبدا
راس بعلبك,بعلبك
راس بيروت,بيروت
راس مسقا الجنوبية,الكوره
راس مسقا الشمالية,الكوره
راس نحاش,البترون
راسكيفا,زغرتا
راشا,البترون
راشانا,البترون
راشكيدا,البترون
راشيا الفخار,حاصبيا
راشيا الفوقا,راشيَا
راشيا حي الكواسبي,راشيَا
راشيا حي الميدان,راشيَا
رام,البترون
راميه,بنت جبيل
ربتلاتين,مرجعيون
رجال الاربعين,صيدا
رجم عيسى,عكار
رحبة,عكار
رشاف,بنت جبيل
رشدبين,الكوره
رشعين,زغرتا
رشكده,البترون
رشكنانية,صور
رشميا,عاليه
رعشين,كسروان
رعيت,زحلة
رماح,عكار
رماسا,بعلبك
رمحالا,عاليه
رميش,بنت جبيل
روم,جزين
رومين,النبطية
روميه,المتن
رويسة البلوط,بعبدا
رويسة النعمان,عاليه
رياق,زحلة
ريحا,بعلبك
ريفون,كسروان
ريمات وشقاديف,جزين
زان,البترون
زبدين,النبطية
زبقين,صور
زبود,بعلبك
زبوغا,المتن
زحلتا,جزين
زرعون,المتن
زغدرايا,صيدا
زغرتا المتاولة,الكوره
زغرتا حي السيدة الشرقي,زغرتا
زغرتغرين,الضنية
زغرين,الهرمل
زفتا,النبطية
زقاق البلاط,بيروت
زكرون,الكوره
زكريت,المتن
زلايا,البقاع الغربي
زندوقة,بعبدا
زوطر الشرقية,النبطية
زوطر الغربية,النبطية
زيتا,صيدا
زيتون,كسروان
ساحل علما,كسروان
ساقية الخيط,جبيل
ساقية المسك,المتن
سبعل,زغرتا
سبلين,الشوف
سبنيه,بعبدا
سجد,جزين
سحمر,البقاع الغربي
سد البوشرية,المتن
سرار,عكار
سرجبال,الشوف
سرحمول,عاليه
سردا والعمرا,مرجعيون
سرعل,زغرتا
سرعيتا,جبيل
سرعين التحتا,بعلبك
سرعين الفوقا حي الجامع,بعلبك
سرعين الفوقا حي الحارة,بعلبك
سرعين الفوقا شرقي,بعلبك
سرعين الفوقا غربي,بعلبك
سعدنايل,زحلة
سعدين,عكار
سفينة الدريب,عكار
سفينة القيطع,عكار
سقي رشميا,جبيل
سلساتا,راشيَا
سلعا,صور
سلعاتا,البترون
سلفايا,عاليه
سمار جبيل,البترون
سن الفيل,المتن
سن الفيل جسر الباشا,المتن
سن الفيل حي الجديد,المتن
سن الفيل حي الحرج,المتن
سنيا,جزين
سهلات الماء,الهرمل
سهيله,كسروان
سوق الغرب,عاليه
سيدة النجاة,زحلة
سير,المنية
سيسوق,عكار
سيني,النبطية
شاتين,البترون
شارون,عاليه
شامات,جبيل
شان,عكار
شانيه,عاليه
شبطين,البترون
شبعا الشرقي,حاصبيا
شبعا الغربي,حاصبيا
شتوره,زحلة
شحتول,كسروان
شحور,صور
شحيم الجامع,الشوف
شحيم حي البدوي,الشوف
شحيم حي البيادر,الشوف
شحيم حي السهلة,الشوف
شحيم حي الشريفة,الشوف
شحيم حي الوسطاني,الشوف
شحيم حي شحرور,الشوف
شدره,عكار
شربيلا,عكار
شرتون,عاليه
شرين,المتن
شعث حي الجامع,بعلبك
شعث حي الضهر,بعلبك
شقرا,بنت جبيل
شكا,البترون
شليفا,بعلبك
شمسطار الجنوبي,بعلبك
شمسطار الشرقي,بعلبك
شمسطار الشمالي,بعلبك
شمسطار الغربي,بعلبك
شمع,صور
شملان,عاليه
شموت,جبيل
شننعير,كسروان
شهابية الفاعور,زحلة
شواليق,جزين
شوريت,الشوف
شوكين,النبطية
شويا,المتن
شويت,بعبدا
شيحين,صور
شيخان,جبيل
شيخلار,عكار
صبوبا,بعلبك
صبّاح,جزين
صديقين,صور
صربا,كسروان
صربين,بنت جبيل
صريفا,صور
صغار,البترون
صغبين,البقاع الغربي
صفارية,جزين
صفد البطيخ,بنت جبيل
صفرا,بعلبك
صليما,بعبدا
صور,صور
صورات,البترون
صوفر,عاليه
صيدون,جزين
صير الغربية,النبطية
ضهر ابو ياغي,البترون
ضهر الاحمر,راشيَا
ضهر الصوان,المتن
ضهر العين,الكوره
ضهر القنبر,عكار
ضهر المغارة,الشوف
ضهور الهوا,الكوره
طاران,المنية
طاريا الجنوبي,بعلبك
طاريا الشمالي,بعلبك
طبايا,صيدا
طبرجا,كسروان
طفيل,بعلبك
طلوسه,مرجعيون
طليا,بعلبك
طنبوريت,صيدا
طورا,صور
طورزا,بشري
طورزيا,جبيل
طير حرفا,صور
طير دبا,صور
طير فلسيه,صور
ظهر الليسينة,عكار
عابا,الكوره
عاريا,بعبدا
عاريه,جزين
عازور,جزين
عاصون,المنية
عاليه شمالي,عاليه
عاليه غربي,عاليه
عاليه وسطاني,عاليه
عانا,البقاع الغربي
عانوت,الشوف
عبا,النبطية
عباسيه,صور
عبدللي,البترون
عبدين,بشري
عبرا,صيدا
عبرين,البترون
عبيدات,جبيل
عبيه,عاليه
عترين,الشوف
عتشيت,مرجعيون
عجلتون,كسروان
عدبل,عكار
عدشيت,النبطية
عدلون,صيدا
عديسة,مرجعيون
عرامون,كسروان
عرب الجل,صيدا
عربة قزحيا,زغرتا
عربصاليم,النبطية
عرجس,زغرتا
عرسال جنوبي,بعلبك
عرسال شرقي,بعلبك
عرسال شمالي,بعلبك
عرطز,البترون
عرقا,عكار
عرمتى,جزين
عرمون,عاليه
عزقي,المنية
عزه,النبطية
عشاش,زغرتا
عشقوت,كسروان
عفصديق,الكوره
عقتانيت,صيدا
عكار العتيقة,عكار
علما,زغرتا
علما الشعب,صور
علمات جنوبي,جبيل
علمات شمالي,جبيل
علمان,الشوف
علي النهري,زحلة
عمار البيكات,عكار
عمارة شلهوب,المتن
عماره,عكار
عماطور,الشوف
عمشيت,جبيل
عميق,الشوف
عنايا وكفربعال,جبيل
عندقت,عكار
عنقون,صيدا
عوره,البترون
عوكر,المتن
عيات,عكار
عيتا الجبل,بنت جبيل
عيتا الشعب,بنت جبيل
عيتا الفخار,راشيَا
عيتات,عاليه
عيترون,بنت جبيل
عيتنيت,البقاع الغربي
عيتيت,صور
عيحا,راشيَا
عيدمون,عكار
عيمار,المنية
عين ابل حي الدير,بنت جبيل
عين ابل حي العين,بنت جبيل
عين ابل حي الكنيسة,بنت جبيل
عين ابو عبد الله,صور
عين الاسد الشميس,الشوف
عين التفاحة,المتن
عين التينه,المنية
عين الجديدة,عاليه
عين الحلزون,عاليه
عين الحور,الشوف
عين الخروبة,المتن
عين الدلب,صيدا
عين الدلبه,كسروان
عين الذهب (دنبو قديما),عكار
عين الرمانة,عاليه
عين الريحانه,كسروان
عين الزرقا,صور
عين الزيت,عكار
عين الزيتونة,المتن
عين السنديانة,المتن
عين السوداء,بعلبك
عين الشلال,جبيل
عين الصفصاف,المتن
عين الصوانة,جبيل
عين الغويبه,جبيل
عين الفرديس,عاليه
عين القبو,المتن
عين المرج,عاليه
عين المير,جزين
عين بعال,صور
عين بورضاي,بعلبك
عين بوسوار,النبطية
عين تراز,عاليه
عين تنتا,عكار
عين جرفا,حاصبيا
عين جرين,جبيل
عين جويق,عاليه
عين حرشه,راشيَا
عين داره,عاليه
عين درافيل,عاليه
عين زبده,البقاع الغربي
عين زحلتا,الشوف
عين سعاده,المتن
عين عار,المتن
عين عرب,مرجعيون
عين عطا,راشيَا
عين عكرين,الكوره
عين علق,المتن
عين عنوب,عاليه
عين قانا,النبطية
عين قني,الشوف
عين قنيا,حاصبيا
عين كسور,عاليه
عين كفاع,جبيل
عين كفرزبد,زحلة
عين مجدلين,جزين
عين موفق,بعبدا
عين وزين,الشوف
عين يعقوب,عكار
عيناب,عاليه
عيناتا,بعلبك
عينبال,الشوف
عينطورة,المتن
عينطوره,كسروان
عينطورين,زغرتا
عيون الغزلان,عكار
غادير,كسروان
غباله,كسروان
غدراس,كسروان
غرزوز,جبيل
غرفين,جبيل
غريفة,الشوف
غزه,البقاع الغربي
غزير الجامع,كسروان
غزير القناة,كسروان
غزير المعاملتين,كسروان
غفره,بعلبك
غلبون,جبيل
غوسطا,كسروان
غوما,البترون
فاريا,كسروان
فالوغا,بعبدا
فتري,جبيل
فتقا,كسروان
فدار,جبيل
فرات,جبيل
فرحت,جبيل
فرض,عكار
فرون,بنت جبيل
فريديس,عكار
فغال,جبيل
فلاوي,بعلبك
فنيدق,عكار
فيسان,الهرمل
فيطرون,كسروان
فيع,الكوره
قاع الريم,زحلة
قاقعية الجسر,النبطية
قاقعية الصنوبر,صيدا
قانا,صور
قب الياس التحتا,زحلة
قب الياس الفوقا,زحلة
قبة دورس,بعلبك
قبة شمرا,عكار
قبريخا,مرجعيون
قبعيت,عكار
قبلي,عاليه
قبولا,عكار
قبيع,بعبدا
قتاله,بعبدا
قتالي,جزين
قرحا,بعلبك
قرحه,عكار
قرحيا,المنية
قرصيتا,المنية
قرطاضه,بعبدا
قرطبا الجنوبية,جبيل
قرطبا الشمالية,جبيل
قرقريا,جبيل
قرنايل,بعبدا
قرنة الحمرا,المتن
قرنة شهوان,المتن
قره باش,زغرتا
قشلق,عكار
قصرنبا,بعلبك
قطين وحيداب,جزين
قلاويه,بنت جبيل
قلحات,الكوره
قلد السبع,بعلبك
قلعه,بعلبك
قلعه غربي,بعلبك
قلود الباقية,عكار
قليا,البقاع الغربي
قنابة برمانا,المتن
قنابة صليما,المتن
قنات,بشري
قناريت,صيدا
قنافذ,الهرمل
قندولا,البترون
قنية,عكار
قنيور,بشري
قهمز,جبيل
قوسايا,زحلة
قيتولي,جزين
كابوسية,زحلة
كامد اللوز,البقاع الغربي
كترمايا,الشوف
كرخا,جزين
كرم المهر,المنية
كرم زبدين,عكار
كرم عصفور,عكار
كرمسده,زغرتا
كروم عرب,عكار
كفتون,الكوره
كفر الفتوح,عكار
كفر حمام,حاصبيا
كفر رمان,النبطية
كفر شلال,صيدا
كفرا,بنت جبيل
كفربنين,المنية
كفربيت,صيدا
كفرتبنيت,النبطية
كفرتون,عكار
كفرتيه,المتن
كفرجرة,جزين
كفرحاتا,زغرتا
كفرحبو,المنية
كفرحتنا,البترون
كفرحتي,صيدا
كفرحره,عكار
كفرحزير,الكوره
كفرحلدا,البترون
كفرحورا,زغرتا
كفرحونة,جزين
كفرحي,الشوف
كفرحيم,الشوف
كفردان,بعلبك
كفردان الغربي,بعلبك
كفردبش,بعلبك
كفردلاقوس,زغرتا
كفردنيس,راشيَا
كفردونين,بنت جبيل
كفرذبيان,كسروان
كفرزبد,زحلة
كفرزينا,زغرتا
كفرسلوان,بعبدا
كفرشخنا,زغرتا
كفرشلان,المنية
كفرشليمان,البترون
كفرشوبا,حاصبيا
كفرشيما,بعبدا
كفرصارون,الكوره
كفرصغاب,زغرتا
كفرصير,النبطية
كفرعبيدا,البترون
كفرعقا,الكوره
كفرعقاب,المتن
كفرعميه,عاليه
كفرفاقود,الشوف
كفرفالوس,جزين
كفرفو,زغرتا
كفرفيلا,النبطية
كفرقاهل,الكوره
كفرقطرة,الشوف
كفرقوق,راشيَا
كفركده,جبيل
كفركلا,مرجعيون
كفرمتى,عاليه
كفرمسحون,جبيل
كفرمشكي,راشيَا
كفرملكي,صيدا
كفرنبرخ,الشوف
كفرنون,عكار
كفرنيس,الشوف
كفريا,زغرتا
كفرياسين,كسروان
كفرياشيت,زغرتا
كفور العربي,البترون
كفون,جبيل
كفيفان,البترون
كليليه,الشوف
كهف الملول,المنية
كوبا,البترون
كوثرية السياد,صيدا
كور,البترون
كوسبا,الكوره
كوشا,عكار
كوكبا,حاصبيا
كونين,بنت جبيل
كيفون,عاليه
لاسا,جبيل
لالا,البقاع الغربي
لبايا,البقاع الغربي
لبعه,جزين
لحفد,جبيل
لوسيا,البقاع الغربي
مار الياس,زحلة
مار انطونيوس,زحلة
مار بطرس كرم التين,المتن
مار توما,عكار
مار شعيا والمزكه,المتن
مار ماما,البترون
مار مخايل,زحلة
مار مخايل بنابيل,المتن
مار موسى الدوار,المتن
مار نقولا,صيدا
مارون,بنت جبيل
ماسا,زحلة
متريت,الكوره
مجد المعوش,الشوف
مجد لسلم,مرجعيون
مجدل بلهيص,راشيَا
مجدل ترشيش,المتن
مجدل عنجر,زحلة
مجدلا,عكار
مجدلبعنا,عاليه
مجدلزون,صور
مجدلون,بعلبك
مجدلونا,الشوف
مجدليا,عاليه
مجدليون,صيدا
مجيدية,حاصبيا
مجيدية والماري,حاصبيا
محرونه,صور
محطة بحمدون,عاليه
محلة المسيحيين,بعلبك
محمرش,البترون
محيبيب,مرجعيون
مدوخا,راشيَا
مراح الحاج,البترون
مراح الحباس,جزين
مراح الخوخ,عكار
مراح الزيات,البترون
مراح السراج,المنية
مراح السفيره,الضنية
مراح العين,الهرمل
مراح شديد,البترون
مرج الزهور,حاصبيا
مرج برجا,الشوف
مرجبا,المتن
مرستي,الشوف
مركبا,مرجعيون
مركبتا,الضنية
مروحين,صور
مرياطه,زغرتا
مزبود,الشوف
مزرعة آل سويدان,بعلبك
مزرعة ابو صليبي,بعلبك
مزرعة التفاح,زغرتا
مزرعة التوت,بعلبك
مزرعة السياد,جبيل
مزرعة السيد,بعلبك
مزرعة الشوف,الشوف
مزرعة الضليل,بعلبك
مزرعة الضهر,الشوف
مزرعة الفريديس,زغرتا
مزرعة المطحنة,جزين
مزرعة النهر,عاليه
مزرعة بلدة,عكار
مزرعة بنابيل,المتن
مزرعة بني صعب,بشري
مزرعة بيت الطشم,الهرمل
مزرعة بيت الفقيه,الهرمل
مزرعة بيت مطر,بعلبك
مزرعة حريقص,زغرتا
مزرعة حوقا,زغرتا
مزرعة سجد,الهرمل
مزرعة عساف,بشري
مزرعة مشرف,صور
مزرعة يشوع,المتن
مزمورة,الشوف
مزياره,زغرتا
مشان,جبيل
مشتى حسن,عكار
مشتى حمود,عكار
مشحة,عكار
مشغره التحتا,البقاع الغربي
مشغره الفوقا,البقاع الغربي
مشمش,عكار
مشموشة,جزين
مشيخا,المتن
مشيلحة الحاكور,عكار
مصنع الزهره,بعلبك
معاد,جبيل
معاصر الشوف,الشوف
معاصر بيت الدين,الشوف
معراب,كسروان
معربون,بعلبك
معركة,صور
معروب,صور
معصريتي,عاليه
معلقة,زحلة
مغدوشة,صيدا
مقراق,بعلبك
مقنه,بعلبك
مكسة,زحلة
مكسر العبد,صيدا
مليخ,جزين
ممنع,عكار
منجز,عكار
منيارة,عكار
ميدون,البقاع الغربي
ميروبا,كسروان
ميس الجبل جنوبي,مرجعيون
ميس الجبل شرقي,مرجعيون
ميس الجبل شمالي,مرجعيون
ميس الجبل غربي,مرجعيون
ميفدون,النبطية
ميفوق,جبيل
ميمس,حاصبيا
ميناء الحصن,بيروت
نابيه,المتن
نبحا,بعلبك
نبحا الحرفوش,بعلبك
نبحا المحفارة,بعلبك
نبحا حي الجامع,بعلبك
نبحا قليله,بعلبك
نحلا,البترون
نحله,بعلبك
نمرين,الضنية
نهر ابراهيم,جبيل
نهر الذهب,كسروان
نيحا,الشوف
هابيل,جبيل
هرهريا والقطين,كسروان
هيتلا,عكار
وادي التركمان,الهرمل
وادي الجاموس,عكار
وادي الحور,عكار
وادي الدلم,زحلة
وادي الدير,الشوف
وادي الرطل,الهرمل
وادي الزين,بعلبك
وادي الست,الشوف
وادي الصفا الشرقي,بعلبك
وادي العرايش,زحلة
وادي العس,الهرمل
وادي الكرم,المتن
وادي المشمشه,بعلبك
وادي النحله,الضنية
وادي النيرة,الهرمل
وادي بعنقودين,جزين
وادي بنحلية,الشوف
وادي بنيت,الهرمل
وادي جزين,جزين
وادي جيلو,صور
وادي خالد,عكار
وادي دير دوريت,الشوف
وادي شحرور السفلى,بعبدا
وادي شحرور العليا,بعبدا
وادي فعرة,بعلبك
وادي قنوبين,بشري
وجه الحجر,البترون
وطى الجوز,كسروان
وطى المروج,المتن
وطى حوب,البترون
يارون,بنت جبيل
يارين,صور
ياطر,بنت جبيل
يانوح,صور
يحشوش,كسروان
يحفوفا,بعلبك
يحمر,البقاع الغربي
ينطا,راشيَا
يوغون اولوك,زحلة
يونين جنوبي,بعلبك
يونين شرقي,بعلبك
يونين شمالي,بعلبك
يونين غربي,بعلبك
